amplicon,pool,forward,reverse,volume,well,gene,start,end,gene_length,amplicon_length,amplicon_pct
PST130_02041,A,GCTCACCAGACGAGTATTCCAG,AATCAAGAAGACAGCCTAGCCAG,0.4,1A1,PST130_02041,11,1219,1245,1208,97.03
PST130_08049,A,CGGAACAGAACCAGGTACTCATC,GAGCTCCGATCTATCACCAAACA,0.45,1A2,PST130_08049,79,1351,1424,1272,89.33
PST130_10393,A,AGCCTCATCCTCAGCAGATACTA,CACTAGCCATTAGAGCTGTCACA,0.45,1A3,PST130_10393,29,1457,1504,1428,94.95
PST130_03651,A,CCACGCCCGCTTTGATAGTTTAA,TGTCCACTTATATTGTCCGCAGC,0.5,1A4,PST130_03651,53,1333,1354,1280,94.53
PST130_04903,A,CAGGAACAACACAAACAGACCAC,TTGTACATCACTAGCAGGAGCAG,0.5,1A5,PST130_04903,44,1361,1373,1317,95.92
PST130_05841,A,CTCATCAACATCCCACTGCTCAA,GAGCCGGAGTAGGAGAATTGAAT,0.5,1A6,PST130_05841,72,1122,1172,1050,89.59
PST130_14854,A,GGAAAGTGGTTCAACGACTTCG,GTCGCCGTCTATAGAGGAAGAAG,0.55,1A7,PST130_14854,60,1241,1316,1181,89.74
PST130_00899_1,A,TGCCGCCAAGACCAAGGTATC,TTTTACCACCCAATTCTAGCCTTGAAG,0.6,1A8,PST130_00899,17,1245,2417,1228,50.81
PST130_10197,A,GAACCTCAACAATCCCACACATC,TGAGATGGAATGATCGCCACTAG,0.6,1A9,PST130_10197,39,1044,1086,1005,92.54
PST130_13361,A,AGAACGACTGGTGGTGGATGC,ATCGGAATGAGGATTACAGCGAG,0.6,1A10,PST130_13361,68,1549,1586,1481,93.38
PST130_00119,A,GGGTTCTATGATAGGGTAACGGAC,ATTCTACGTTCTCTGAGAGCCAG,0.65,1A11,PST130_00119,51,1678,1760,1627,92.44
PST130_04522,A,GGGATCTATGCTAGTTGTCAGTGT,CCAGGAAGACAATAGCAATCCCA,0.65,1A12,PST130_04522,33,1232,1270,1199,94.41
PST130_15997,A,GCAGCGACTTGAAGAATCGAAA,GACCACAAACAAGATCCTGAACG,0.65,1B1,PST130_15997,52,1308,1371,1256,91.61
PST130_02950,A,GAATTACTTCGTTACTAGCCGCC,TAGTACTTTACGTCCAACAGGGC,0.7,1B2,PST130_02950,52,1714,1786,1662,93.06
PST130_04252,A,GAAGGAAGCCTGCAACTGCG,ATACACAACGCGAGACCGAC,0.7,1B3,PST130_04252,40,1262,1262,1222,96.83
PST130_10193,A,TCAGTACTTTCTTCAGCGAGACC,CATTCCGACCTCCTCGTAATCTT,0.7,1B4,PST130_10193,22,1476,1512,1454,96.16
PST130_13336,A,TTTGGCTCAGTCTTCTCAGTCTC,TTTGCCAGCTCGTTCGTAGAAA,0.7,1B5,PST130_13336,57,1573,1624,1516,93.35
PST130_14373,A,GTACTCAACCAACCGAACTGTTC,CGCCATTCTTGAGTACGGATGTA,0.7,1B6,PST130_14373,87,1497,1544,1410,91.32
PST130_15261,A,TGCCACAGGTCGATAGGATAAC,GCGCTTCGTCGTGGTAGATG,0.7,1B7,PST130_15261,0,1280,1288,1280,99.38
PST130_16781,A,CGTGCTGCTCAATTATGACGATC,CATCTGACCCAACTTATGACCGA,0.7,1B8,PST130_16781,58,1576,1630,1518,93.13
PST130_17884,A,TAGTTTAGCGATCGCCCATGC,GCACTAACGACGACGAATGC,0.7,1B9,PST130_17884,0,1208,1208,1208,100.0
PST130_11163,A,AACCGTTTCCTAGTTGGCCG,GTCGCAAGGAAGAATGCCC,0.75,1B10,PST130_11163,0,1386,1386,1386,100.0
PST130_11346,A,CTTTGAGCCTCAATCACGTCTCA,AATCCAGTCACGAAGCTTCCTG,0.75,1B11,PST130_11346,40,1865,1899,1825,96.1
PST130_15355,A,TGAGGGATCTACCAACCCAAATG,GCAGAGCAGTGAAGGATGATGAA,0.75,1B12,PST130_15355,23,1387,1466,1364,93.04
PST130_17543,A,CGTATCACACCAGTCATCCATCT,ATCCAGGAGAGCCTAATCTACGA,0.75,1C1,PST130_17543,33,1761,1823,1728,94.79
PST130_01681,A,ACCCAGATCTCGACAACACC,GCGAGGACCATAGCCATGTC,0.8,1C2,PST130_01681,0,1363,1382,1363,98.63
PST130_11211,A,GACGTCGCAGCCGAAATG,AGCTCTGATACATCGTTTGTTTGC,0.8,1C3,PST130_11211,0,1397,1433,1397,97.49
PST130_17064,A,TTATCGCTCGCTCCATCCAG,CAGACGACCCTGAGAGCTG,0.8,1C4,PST130_17064,0,1576,1615,1576,97.59
PST130_17383,A,CTACCCGTTTCAATCCAACAACC,GGGATAAATAAACGCACCGAGGA,0.8,1C5,PST130_17383,59,1635,1684,1576,93.59
PST130_04382,A,TTGTAACATGGAAACCGGGCTG,CTGGTCACAACGAATCAGCC,0.85,1C6,PST130_04382,0,2016,2016,2016,100.0
PST130_05957,A,CCCTGAGACACTCGCCAATC,CTTGCGTGTCATCAGGTACG,0.85,1C7,PST130_05957,71,1677,1757,1606,91.41
PST130_08949,A,CCGTCACTAGAAGGCAGGAC,GCGCTCCAAGCAAGTGGG,0.85,1C8,PST130_08949,0,1284,1339,1284,95.89
PST130_12412,A,AGGCTCAGCAACGAAAGGAC,AACTCGCCGTGATAGGTCATG,0.85,1C9,PST130_12412,70,1512,1512,1442,95.37
PST130_13548,A,GGTTTCTAACTTGTCCTACACGC,AAGATGACCGGATTGATGGGAC,0.85,1C10,PST130_13548,75,1711,1791,1636,91.35
PST130_02219,A,CAGTCTACCACTCCTAACCCAAG,AAGAAGAGGGTCGAGAAAGTGAC,0.9,1C11,PST130_02219,50,1668,1729,1618,93.58
PST130_07649,A,CTGCTCCTGCTATCACCGAG,CAAGGTAAATCATGCGGCAGC,0.9,1C12,PST130_07649,217,1717,1717,1500,87.36
PST130_08804,A,CAATGCGAACGAACGGTATGAA,GGGATTGCCTCTGCTACTTCTTT,0.9,1D1,PST130_08804,23,1551,1591,1528,96.04
PST130_11512,A,ATTCTGGACAGCCCGTGCG,AGGTGAATCCAAGGGCATCG,0.9,1D2,PST130_11512,0,1304,1312,1304,99.39
PST130_11622,A,ACTACTCGATCCTACTCAGCAGA,CCATGCCTACATCCACTAATTCC,0.9,1D3,PST130_11622,10,1547,1558,1537,98.65
PST130_15085,A,CGATTCTGCCGGTGGAAATTTAG,CAACGACTGCCGATAATAAACCG,0.9,1D4,PST130_15085,83,1954,1971,1871,94.93
PST130_17188,A,TGGGAGTGCCTAAGTCGAAG,CAATTCACGACATGGCCGTAAG,0.9,1D5,PST130_17188,0,1402,1402,1402,100.0
PST130_07258,A,GGATATCTCGATCGGCAGATGAA,CGTCTTGGATTTGAGAAGCGTTC,0.95,1D6,PST130_07258,28,1486,1515,1458,96.24
PST130_05147,A,CGTTTCGCTCATTGGGATGC,AGTCTTCTAAAGGCTCGCCG,1.0,1D7,PST130_05147,14,1326,1355,1312,96.83
PST130_10769,A,CTTACCAAGCAACTTCTGGTGGA,TGGACGGATCAGTATCTTCTCGA,1.0,1D8,PST130_10769,36,1771,1807,1735,96.02
PST130_14376,A,CGAGCGACTATTCAAAGACAACC,GAGAAATTCACCGGCCCAATTTC,1.0,1D9,PST130_14376,20,1772,1844,1752,95.01
PST130_15166,A,CCCAATTCAAACGAGTGACCAA,CCGTTGAGTCCATTGACAGTAAC,1.0,1D10,PST130_15166,19,1462,1487,1443,97.04
PST130_15771,A,CACCCACAACTCACTCACTATCA,CAACTGGGAGAATAACGTAACGG,1.0,1D11,PST130_15771,72,1573,1638,1501,91.64
PST130_16170,A,GGAAGGGTCACCAGAAGAACTTT,GGACAACGTAAGGTCATCTGAGT,1.0,1D12,PST130_16170,42,1335,1399,1293,92.42
PST130_16943,A,GATCTCGAGCTCAACCATACCAA,TCACACATATTGGCCACTTGACC,1.0,1E1,PST130_16943,80,2157,2189,2077,94.88
PST130_02357,A,TCTTCCATGGTCACGTCTCC,AAGTCCAGCCAATCCGAAATGG,1.1,1E2,PST130_02357,0,1353,1353,1353,100.0
PST130_03686,A,GATTCGGATCTGAGCGAGTCTG,TAACCTCTAGGGCAGGACTTTCA,1.1,1E3,PST130_03686,84,1731,1748,1647,94.22
PST130_05443,A,CGCAGTCCCGGAAATGAGAG,AACGACAAGGGTAATCAATCGAC,1.1,1E4,PST130_05443,0,1483,1483,1483,100.0
PST130_05789,A,GAATCCGAAGAAGGTCGAGTCAA,CTCCTCTGAACGACGACAGAATT,1.1,1E5,PST130_05789,66,1316,1353,1250,92.39
PST130_06923,A,GTCAACCAAGGTGAGTTCTCTCT,CCGATAACCTGAAACTTGCTTCC,1.1,1E6,PST130_06923,16,1696,1757,1680,95.62
PST130_11826,A,TCGAACTTCCCGTCAGCAAC,GACGAGTGTTGATCGAAGGAATAC,1.1,1E7,PST130_11826,0,1195,1195,1195,100.0
PST130_14067,A,ACTACGCTCCTCTACTCACACTA,CGTAACTCTGTGGGTTGATCAAG,1.1,1E8,PST130_14067,75,1936,1963,1861,94.8
PST130_15594,A,TCGACCGTGCCATTGGGG,CTGCAAGCTCCTCTCACGAG,1.1,1E9,PST130_15594,0,2309,2309,2309,100.0
PST130_17123,A,TTGAAGACCAAGATCAGCACAGC,TTCTCATCAGCTTGTTTGTTAGCCC,1.1,1E10,PST130_17123,0,1729,1729,1729,100.0
PST130_17361,A,CTGAACAGTAGCCATCTGGTCTT,CGGAAAGACGGCTATTGAGAAAC,1.1,1E11,PST130_17361,75,1908,1920,1833,95.47
PST130_12161,A,CCTTGTACCGTAAGCACATTTCC,ATAGCATCGTAAGCTCCGGTG,1.15,1E12,PST130_12161,71,1891,1946,1820,93.53
PST130_14845,A,CAAGTGCATCGCAAGTACCC,AAGGAAGGGGCGCTGTAAG,1.15,5A1,PST130_14845,0,1465,1560,1465,93.91
PST130_02515,A,ATCGGAAAGATGTCGGCAGATC,AGAGTATCATGGTCATAAACTAATCTTGG,1.2,5A2,PST130_02515,0,1324,1403,1324,94.37
PST130_08379,A,GATACATCCTGCTAACTCTATCTCTG,GGCCGGATTGGTTCAAGACG,1.2,5A3,PST130_08379,0,1229,1229,1229,100.0
PST130_08438,A,CGTACAAACGGGCCCTGTAC,CAACTGTAATCGGAGCTCATCG,1.2,5A4,PST130_08438,0,1644,1644,1644,100.0
PST130_15220,A,CGTCCATTCTACCTGGGATATCC,GCTTGAACAACGTTTGAGTGG,1.2,5A5,PST130_15220,0,1419,1447,1419,98.06
PST130_16296,A,ACAACCTGCTATCACTGTACCAC,GGGATCCGTTCTTGTGCCTTAAA,1.2,5A6,PST130_16296,23,1677,1692,1654,97.75
PST130_02741,A,GTATAACGCAAGAGCCCAGC,ACTAAGCGTCCAGTCAGTGC,1.25,5A7,PST130_02741,0,2121,2121,2121,100.0
PST130_04961,A,CCCTTAACTCACCTTTTAACTTCTGAAC,GCCTTGACGGGTTCATTGC,1.25,5A8,PST130_04961,0,1375,1400,1375,98.21
PST130_03439,A,ATGCCCAATACTACAGGTTCGG,AAACAAATGAGAGCACATGAGAAAGG,1.3,5A9,PST130_03439,117,1725,1725,1608,93.22
PST130_07105,A,TAAGATTGGGATCGTCGGTATGC,TCACCGTCTTGCATCTCATAAGG,1.3,5A10,PST130_07105,62,1723,1748,1661,95.02
PST130_07557,A,AGTCCGTCTCTCGAACTGGC,AAGTGAAAGTGGCTGTATTATGTCATG,1.3,5A11,PST130_07557,0,2215,2215,2215,100.0
PST130_07578,A,TCTAGTTGGTCACATACGATCCTG,TGGGTATGTAGCCGCAGCATC,1.3,5A12,PST130_07578,0,1433,1433,1433,100.0
PST130_09769,A,CACGAGTCAGACTCAGGAGTTC,ATCGCCCAGGAAATGAAAGGAT,1.3,5B1,PST130_09769,15,2492,2579,2477,96.04
PST130_11305,A,TTTCCAGTTCGACGGAGCTC,GAGGGCTCAAGTCCGGAAAG,1.3,5B2,PST130_11305,0,1511,1511,1511,100.0
PST130_12652,A,AAGTCCAGAGCCACATCATGTAG,AGACTAGACCTAAAGCGACCTCT,1.3,5B3,PST130_12652,86,2349,2366,2263,95.65
PST130_12914,A,CTCGAGCACAGATTATCGCTAGT,ACGAGAGCGATGATAAGAGGAAC,1.3,5B4,PST130_12914,76,2186,2262,2110,93.28
PST130_09156,A,GGATCGATGTTGATGGCGTATTG,AGGAGAACCACATAGACCATAACC,1.4,5B5,PST130_09156,85,2562,2601,2477,95.23
PST130_10406,A,GAGCCAGGCCACTATAGCAAG,GATTTCACTGTTTGTAGTCATGATCATC,1.4,5B6,PST130_10406,0,1294,1294,1294,100.0
PST130_12122,A,AGTCGAGTATACCGATCCAGACA,TCTAGTAAATGGGAAGCGGTGTG,1.4,5B7,PST130_12122,79,2021,2042,1942,95.1
PST130_13396,A,AGATTCAAGATCATCACCACACCTG,AAGTGCAAAAGTTTATTTCACAAAACAAG,1.4,5B8,PST130_13396,0,1411,1411,1411,100.0
PST130_14024,A,TGAGGTTGGTCGTGTTTCTTG,AGCTCAACCGAGGGTAATGTTC,1.4,5B9,PST130_14024,0,2349,2366,2349,99.28
PST130_17856,A,CCCGCTAACACATCAACGG,GATTTCGCAAGCTAGGCAGAAG,1.4,5B10,PST130_17856,0,1308,1308,1308,100.0
PST130_00770,A,ATGCTAGCAATGATGACAGATCAG,TCCACTCGACCATGTTGTCTAG,1.5,5B11,PST130_00770,0,2255,2255,2255,100.0
PST130_01586,A,TGCTGGGTCCAGTGAGTTTG,TTGTCTAAGGCCCTTGGTCC,1.5,5B12,PST130_01586,133,2160,2179,2027,93.02
PST130_01643,A,GACCAGAGTAACTTTATCCCGCA,GCGTATCTAGCACGAGAGCTTTA,1.5,5C1,PST130_01643,35,2556,2585,2521,97.52
PST130_04341,A,TCAAACATAGTCTGCAACCTCAAAC,TGAGACATATCTGTAGGGTGTGTG,1.5,5C2,PST130_04341,42,1834,1860,1792,96.34
PST130_04516,A,TCTCTACCCGGACAGAGCTG,TAGTTCATCGCATGTTGTACCG,1.5,5C3,PST130_04516,0,1869,1884,1869,99.2
PST130_05645,A,CTTCTGCTCATCAAAACCCACCAG,CACAAGCTCCAAAACTGAAGCG,1.5,5C4,PST130_05645,0,1605,1633,1605,98.29
PST130_06515,A,TTTTCACTCCGATTGCGCC,AGTGGGGCTAAGAACGTTGG,1.5,5C5,PST130_06515,28,2130,2130,2102,98.69
PST130_07132_1,A,CTCTTGCAGCACTTGATTACCGAAG,TCACTGACAAAGTTCGGGTCACC,1.5,5C6,PST130_07132,45,1969,3564,1924,53.98
PST130_08137,A,TCATCAAAGAAATGAGTTTTCGTCAG,CTGGTGGCAGTCCTACGAC,1.5,5C7,PST130_08137,0,2444,2444,2444,100.0
PST130_08406,A,ACACATCGAACACTTGAGCG,TCAAATGAAGCTAAGTACCCTAACC,1.5,5C8,PST130_08406,41,1938,1938,1897,97.88
PST130_15492,A,CGATAGGTTGATCAGAAGCAGCG,GAGATATTTTGGCTGGCACCCC,1.5,5C9,PST130_15492,0,1782,1782,1782,100.0
PST130_15572,A,AAAAGAGAGACCGAGGGTACATAAAG,GATCGCATACACTTATACCCACG,1.5,5C10,PST130_15572,0,2497,2497,2497,100.0
PST130_15719,A,ATGACCAAGAGAAGGAGAACCAC,AGTAGAAAACCAAGCGAGAAAAGA,1.5,5C11,PST130_15719,43,1953,2086,1910,91.56
PST130_16873,A,AAGAAAATGCGAATTCCAAACTTATACAG,GACTTGACCGACACGCTTTG,1.5,5C12,PST130_16873,0,2184,2184,2184,100.0
PST130_17066,A,GACCAAGCGAGCCATCCTTAA,CAAGACTCTGGAATAGTGAAGGGA,1.5,5D1,PST130_17066,20,1776,1911,1756,91.89
PST130_07381,B,AGTCATCGGTCTCAGTCCAACTA,CAGAGTGGACGATACGTTGACAA,0.4,2A1,PST130_07381,85,1059,1088,974,89.52
PST130_12203,B,CAGTGAACAGCAGCAGCAGAA,TCTATTACCGCCCAAATGGTCAG,0.4,2A2,PST130_12203,55,1266,1314,1211,92.16
PST130_07164,B,AGCAACAGCAGTACAACCACTA,GCCTCTACCACCAGTAAGAGTTC,0.5,2A3,PST130_07164,61,1312,1363,1251,91.78
PST130_01207,B,AGCCAACGAAAGCAGAACTAGA,TTAACGAAGACTGTACCAGCCTC,0.55,2A4,PST130_01207,64,1342,1478,1278,86.47
PST130_02622,B,CAGCCAAGAGAAGAAGAACAAGC,TTGGTGATAGTAGTAACGGGAGC,0.55,2A5,PST130_02622,12,1391,1428,1379,96.57
PST130_08277,B,GATGGTTCGCAGCATTGAAGAA,GCGCTCTATTTCCACCTGTAGTA,0.55,2A6,PST130_08277,61,1340,1369,1279,93.43
PST130_00237,B,GAAATGTGCGATGTTTGGGCTG,CAGGACTACCGGCCCTGTAG,0.6,2A7,PST130_00237,12,1440,1451,1428,98.41
PST130_07133,B,GTGCGATATTGTTTGACACGAGG,GGGTCTACGATTAGTGAAGTCCG,0.6,2A8,PST130_07133,24,1202,1289,1178,91.39
PST130_08617,B,CTTAGTAAGGCAGGAGTTTCGGT,GGTCAAAGTTGATAGCCGGAATG,0.6,2A9,PST130_08617,81,1216,1284,1135,88.4
PST130_11639,B,ATCTATCCGATCTCGAGGTCCA,TTGGTGTACGGACTGATCTTGA,0.6,2A10,PST130_11639,62,1347,1434,1285,89.61
PST130_01816,B,CATGATCGACCCTAGACCGATTT,GGTCTTGAACTTGAGCAGACTCT,0.65,2A11,PST130_01816,38,1829,1865,1791,96.03
PST130_11355,B,CAACCCACGTCTACCCAGAG,CGCCTTCGCCTGATAGACC,0.65,2A12,PST130_11355,56,1287,1358,1231,90.65
PST130_01217,B,GTGTGAGTAGACGATCTCATTTGC,GGTTCACTTGATGCGGTCAATAC,0.7,2B1,PST130_01217,66,1474,1523,1408,92.45
PST130_06134,B,GTCTGCGATGGATTGGATAGTCT,TAACGCCATAGCCTGATCGATAG,0.7,2B2,PST130_06134,50,1199,1229,1149,93.49
PST130_13155,B,AGTCGAGAATAGTGCGAATAGACC,GCAGGAGCGCAGTATTCAAG,0.7,2B3,PST130_13155,86,1551,1551,1465,94.46
PST130_15478,B,CCCCTGGATGGCTCGTTAC,CATACTGAGGCCATCGCGAC,0.7,2B4,PST130_15478,48,1519,1519,1471,96.84
PST130_17362,B,CCCTTTCCGCGAAGACATGTG,GTAGACCGCTCTCCGAGGTG,0.7,2B5,PST130_17362,0,1510,1510,1510,100.0
PST130_02853,B,AGGGTAAGGCAAGACGAGATG,GCGACTGAATACGACCTCAGG,0.75,2B6,PST130_02853,0,2062,2062,2062,100.0
PST130_05388,B,CGCCAATTGTCTAGTCTACCACA,AGCAAGGAAGAGAGTATGCCAAG,0.75,2B7,PST130_05388,18,975,1029,957,93.0
PST130_06989,B,CCGGTGTATTGAAGAGTGTCCTT,CGCAAGGTAGTATCGAACGTCTA,0.75,2B8,PST130_06989,25,1778,1799,1753,97.44
PST130_07866,B,GAAAGGCTCAAGTCAGTGCATTC,TTGACGATCTTGTAGGGTTGGAG,0.75,2B9,PST130_07866,55,1241,1299,1186,91.3
PST130_08276,B,ACGATGCCAAGTTGCTTGTTG,GTGGGCAGCAGATATACCATTTG,0.75,2B10,PST130_08276,10,1868,1886,1858,98.52
PST130_11071,B,CTCACGATCCATTCTCTCCTCAC,GTGGAGGTTTCTGGCGTGATATA,0.75,2B11,PST130_11071,74,1356,1374,1282,93.3
PST130_15370,B,ATAGCAGCTCTTCAAAGGACCAG,GTAGCACTGATATGTGACAACGC,0.75,2B12,PST130_15370,10,1629,1666,1619,97.18
PST130_04026,B,GTTATCGTGGTATGAACGCGTAC,CAAGTTAAGTGAGGTTAGGCCCA,0.8,2C1,PST130_04026,34,1292,1375,1258,91.49
PST130_04199,B,ACCTCAGTCAGATACCCTACGAA,CTCTTACGGGAAACATTGGTGGA,0.8,2C2,PST130_04199,70,1796,1866,1726,92.5
PST130_07299,B,GATGGGTGAAACGGTGCTTAG,GCGCTGAATGCTAGACATGC,0.8,2C3,PST130_07299,0,1853,1853,1853,100.0
PST130_10470,B,CCGGGATCTGTACTTCGATTAGG,GATTTGGTGACTCCTTGGTGAGA,0.8,2C4,PST130_10470,33,1517,1535,1484,96.68
PST130_11139,B,CCAGAACCAGGAACGAATGAAATC,GGTTGATCGACCATCGGTAAATG,0.8,2C5,PST130_11139,24,1676,1716,1652,96.27
PST130_15529,B,AAGACACAGTCGGTACATTAGCC,AGGTAAGAGTTGCTCGGTAAAGG,0.8,2C6,PST130_15529,37,1428,1438,1391,96.73
PST130_15874,B,GGACCTGAAGGCTCGAGTAC,CCAGTTGATTCGGCATGAGC,0.8,2C7,PST130_15874,20,1649,1677,1629,97.14
PST130_17089,B,GGGTTCACATCTAATCCGAAAGC,CCCAAGATGAAGCTGATCCAAAG,0.8,2C8,PST130_17089,30,1535,1610,1505,93.48
PST130_17397,B,TAGACCGTCCGCTTTGGTTG,GCACAGAAGCTATGTTCTCGC,0.8,2C9,PST130_17397,0,1763,1763,1763,100.0
PST130_06349,B,GTCGTCCACAAGCTTTCCTATCT,CGGTTCCGTATTTGTCGAAGATC,0.85,2C10,PST130_06349,22,1540,1557,1518,97.5
PST130_07132_2,B,TGGTGTAGCGGCCCGTTTC,GAAAGCAAGTTGGCTGTAAATATCTGC,0.85,2C11,PST130_07132,1707,3527,3564,1820,51.07
PST130_09884,B,TGATAATCTTGCGAGGCCTATGG,GGGAAGCAATTCTGTCTCTTTCG,0.85,2C12,PST130_09884,70,1089,1139,1019,89.46
PST130_01350,B,CGGTAAACAGGAACTTACCCGTA,TAGGGATGTACGGACACGAAATG,0.9,2D1,PST130_01350,67,1893,2010,1826,90.85
PST130_04737,B,GTCCAACGGAAATACGCCAAG,GGTTTTCAAATGAGTAGAGGCGAAG,0.9,2D2,PST130_04737,2,1304,1304,1302,99.85
PST130_06249,B,GCTCACAGGGACTACAGTCG,AGTAGCGGGCTGATTGATCTG,0.9,2D3,PST130_06249,61,1035,1077,974,90.44
PST130_08401,B,GAGGTCACCACCATTCAAGAGTT,GCATCCGTGGGATCTTCAGATTT,0.9,2D4,PST130_08401,84,1666,1694,1582,93.39
PST130_10092,B,CTGCTCCATCTCATCTCCCATG,CAGTATTCGATCGAAGAAGCACG,0.9,2D5,PST130_10092,69,1294,1421,1225,86.21
PST130_18040,B,ACACACTCAGTTACTCCAAGACC,CAGCAAACACCCTTAGAGGACAT,0.9,2D6,PST130_18040,10,1795,1829,1785,97.59
PST130_02470,B,CACAGCAGTCCACTGGCAATATA,GATCTCGAACTGATCCGGTTTGA,0.95,2D7,PST130_02470,61,1501,1566,1440,91.95
PST130_05895_2,B,CTTCTTCCTTCTGACGGGGCG,TTGTGGCAGTTGTAGGGCGAAC,0.95,2D8,PST130_05895,1116,2276,2276,1160,50.97
PST130_07555,B,AGCTATGATTTCAGGTCCGCC,CGCGTCATCGTATGCATCTG,0.95,2D9,PST130_07555,0,1758,1770,1758,99.32
PST130_11936,B,AGTCGGAAAGGTGGCAATCTTA,GATATTGGCGCGAGTTCGTTTAG,0.95,2D10,PST130_11936,41,1652,1721,1611,93.61
PST130_00804,B,CACCGTAGATGCAGTCAGCC,GGTGACGATTTGAGTCTGCG,1.0,2D11,PST130_00804,0,1752,1752,1752,100.0
PST130_01003,B,CCGGCAGCCAAAGTACCATG,TGACCGGGTGTTCAATAGTCC,1.0,2D12,PST130_01003,0,1803,1803,1803,100.0
PST130_08980,B,ATCGGCGTTGATCTGCTCC,GCCCCGATTACGCTTCTCC,1.0,2E1,PST130_08980,0,2120,2120,2120,100.0
PST130_11236,B,GTCGTTAACTGACCGCCCG,AATCAGACTGAAGACAAGTTACATTCC,1.0,2E2,PST130_11236,0,1432,1432,1432,100.0
PST130_00394,B,GAAATCTGCTGTGTGCGTAAGTAG,CGGGCCATAGAAATCTTGCAATTC,1.1,2E3,PST130_00394,0,1625,1625,1625,100.0
PST130_02017,B,GTCTCCGCCCGATTCACAG,TGTAGCGTCAGAGGTCCAATG,1.1,2E4,PST130_02017,92,2009,2139,1917,89.62
PST130_04142,B,TCGGAGCGTATATTCTGCGAG,AATGCTATTCCAGGCCGGG,1.1,2E5,PST130_04142,0,1396,1396,1396,100.0
PST130_04312,B,GACCCGGAAGGTTGAGCC,TTCGACTCAGGGTATCTCTCCG,1.1,2E6,PST130_04312,0,1264,1264,1264,100.0
PST130_05496,B,TGGGATGGCAAGACTAGTCG,TCGAGGATAGCCCAAATGCC,1.1,2E7,PST130_05496,0,1381,1381,1381,100.0
PST130_05765,B,ATCGATTCTCGCGCTCGAAC,ATTGACGTTCTCGGGATGAGG,1.1,2E8,PST130_05765,34,2040,2052,2006,97.76
PST130_12116,B,GTAGTGAAGCTGGCATACAAAGC,CCATCTTGATCTGCAATCCCTCT,1.1,2E9,PST130_12116,45,1375,1451,1330,91.66
PST130_14828,B,GGGTTCCTGTTCCGATCGAG,GGGCTGATTATAAGTGGGTGCAG,1.1,2E10,PST130_14828,0,2020,2020,2020,100.0
PST130_15001,B,TCCCGATGTAAATTACCATGGCC,CCTTCTTGCTGTTGTACCAGTTG,1.1,2E11,PST130_15001,86,1379,1444,1293,89.54
PST130_16607,B,CCAGCAATTCATCCTCCATTCAC,GGACTGACCAGCTTCTTTGAAAG,1.1,2E12,PST130_16607,65,1914,2027,1849,91.22
PST130_09105,B,TATCCGCCGACTCATGATACG,ACGACTATCCATAGAGGCGC,1.15,2F1,PST130_09105,0,2196,2196,2196,100.0
PST130_11116,B,CTCAGAGACATGTGCTGATGAGT,GTGGTTACGGTAGCAACATCGTA,1.15,2F2,PST130_11116,56,1695,1768,1639,92.7
PST130_01903,B,CGGAGGATGGCGACTTATATAG,CTTTGAAGTCCCGTTCGGC,1.2,2F3,PST130_01903,221,1325,1435,1104,76.93
PST130_05518,B,GGCTCATCTCCTGTTCTCGATTA,CTTGGACTCCTGGATCTTTCGAA,1.2,2F4,PST130_05518,57,1742,1869,1685,90.16
PST130_16556,B,GAGCAAAGTTGAGTGCATGCTA,ATGCCAGTTCTGTAGAGGAAGAG,1.2,2F5,PST130_16556,85,2013,2078,1928,92.78
PST130_04273,B,AGGCAAGTGGTCTGGTTCAC,AACGGTCGGGCTGATATTGG,1.25,2F6,PST130_04273,0,2143,2287,2143,93.7
PST130_00441,B,CCAAGAACTATTCCCAGTCCTCA,GACTCTAGATTCGAATCCAGTTGC,1.3,2F7,PST130_00441,22,1889,1940,1867,96.24
PST130_04204,B,GCTGGTGCGATACTGTATGCTAA,GGCAGACAAGAAGGAAGCATAAC,1.3,2F8,PST130_04204,84,2155,2191,2071,94.52
PST130_06704,B,CATTCAATCAGATAGGCTTACACCC,TTCACCGCGCAAATTGAGATG,1.3,2F9,PST130_06704,0,1288,1375,1288,93.67
PST130_00085,B,TGAGTACCGAATCCGAGACG,TGTTCCTCCTATACCTGTGTGGG,1.5,2F10,PST130_00085,0,2380,2380,2380,100.0
PST130_00552,B,CCTTCGATCACACTTGAGGATCT,ACGTTCCATTCGGTAGATCTGAG,1.5,2F11,PST130_00552,57,1911,1945,1854,95.32
PST130_00607,B,TCCTTACCGCTGGATTGACTTAC,ACAGGTGCTTCTACAGTAGTGTG,1.5,2F12,PST130_00607,43,1359,1378,1316,95.5
PST130_01178,B,CATTAAACGGCTCCTCACTCACT,CAGCCAAACTCAAGAAAGACGAAG,1.5,2G1,PST130_01178,31,1963,2038,1932,94.8
PST130_01582,B,GAAAGGACAAAGGACGTCTACCA,GGACAGAAGTTTCCCAGTCCATA,1.5,2G2,PST130_01582,59,2778,2826,2719,96.21
PST130_03431,B,TTAGGTTGTTTTAATTTTTGTCGATGTTAGG,GGGCTTACGTAAACCAGTGC,1.5,2G3,PST130_03431,0,2118,2118,2118,100.0
PST130_03710,B,TCGATCGATGCACAGCAGTC,GTGAGATGCCAAGTGTAAGACGATTG,1.5,2G4,PST130_03710,0,1592,1592,1592,100.0
PST130_04389,B,CGGGCTCGAATCAGGTCTG,CATGATGCACGAGTAAGATAAGAGG,1.5,2G5,PST130_04389,47,2010,2010,1963,97.66
PST130_05307,B,GTGATGGAGCTCAGAAACTAACG,AAACAGGTATAGTTATAGACAATCGGAC,1.5,2G6,PST130_05307,82,1582,1582,1500,94.82
PST130_06059,B,GCTTAGTCAGCCACTCACAGC,TCAGACCAGTGAATCTGAACAAATTATC,1.5,2G7,PST130_06059,0,2273,2273,2273,100.0
PST130_06872,B,TCTTCAAACGAGCGATGTTGAAC,CTCTGATCGTCGAGGGTCAG,1.5,2G8,PST130_06872,0,1846,1846,1846,100.0
PST130_06885,B,TCCCACGAAACACCTAGTAGG,CATCGGTTTCGTCGGCTTAC,1.5,2G9,PST130_06885,0,1593,1593,1593,100.0
PST130_07325,B,GCTCCGCACAGGGTCCTC,AGGGATTGTTTATGTGGGACATTC,1.5,2G10,PST130_07325,0,1364,1364,1364,100.0
PST130_08261,B,GATTCCCAAGAACTACCCTGGAC,ACAGTAGGAGAGGGAGAAGAAACA,1.5,2G11,PST130_08261,65,1442,1473,1377,93.48
PST130_09124,B,TGCGGGAAGAGGATTCTTTGG,TGATTGATATACTGATGATCCTGGATG,1.5,2G12,PST130_09124,0,1712,1721,1712,99.48
PST130_09196,B,TGGATAACTGGAGCATAGGGG,TCTCTATCCTTGCCCACGC,1.5,2H1,PST130_09196,0,2149,2149,2149,100.0
PST130_09201,B,CCTGGTTGACGTTCCTCAAC,TGAATTCCGGTGATAGCTTTAGC,1.5,2H2,PST130_09201,0,1505,1518,1505,99.14
PST130_09606,B,CTTCGTGATGGCCCTTGC,CACAGATTCTCGATACCGGTTCTG,1.5,2H3,PST130_09606,17,2369,2370,2352,99.24
PST130_09718,B,CCCGTTACGCGAAGGAAATC,TGCAACGAAGATAACCCAGGAG,1.5,2H4,PST130_09718,59,1897,1934,1838,95.04
PST130_09924,B,ACGGTTAGGTGTGACTCGTC,ATTCACATCTTCTTGTTTATTGGGAGG,1.5,2H5,PST130_09924,0,1539,1539,1539,100.0
PST130_10249,B,CCTTAGGCCAACCGTCCAAC,TGTGGTTCACCCTAGACACCC,1.5,2H6,PST130_10249,0,1939,1939,1939,100.0
PST130_10775,B,AGATCCAGCTTCACTCGTTAAGG,GGGCATTGAGCTTTCGAACTAAG,1.5,2H7,PST130_10775,26,2704,2728,2678,98.17
PST130_11030,B,ACCTGCCACTTTATCTCGGC,ACGTTCTAAGTGAGCCTATGATGTG,1.5,2H8,PST130_11030,0,2159,2159,2159,100.0
PST130_13875,B,ATGCTTCGGCGATGACTCAG,TGATCCAGCCATAGCCTACC,1.5,2H9,PST130_13875,0,2270,2270,2270,100.0
PST130_15441,B,TTGATCACGTTAACTGTATGGTGG,CTCTAGTCGAGGTAGTTTCAACAAC,1.5,2H10,PST130_15441,0,1808,1849,1808,97.78
PST130_17152,B,CCCATCTCTGATTTGATCGATGGA,GGAACCTTCGAGAAACACACG,1.5,2H11,PST130_17152,63,2352,2365,2289,96.79
PST130_17341,B,ACCAGTCAGTTCTCATGGATTCC,GCTCCACCCTGATGAATTTATCG,1.5,2H12,PST130_17341,71,1555,1586,1484,93.57
PST130_17315,C,AGGGACACGAGCAATTACCATAC,CCCGACTGCACTGACTACATATT,0.3,3A1,PST130_17315,64,1411,1447,1347,93.09
PST130_17082,C,CCGTTGAGATAATCGACCAGCTA,AACGCCGACTTCAGTAGAGATAG,0.35,3A2,PST130_17082,82,1273,1327,1191,89.75
PST130_03172,C,CTCTCACTCGTTACTTGGCAAAC,GGTCTCTAGTCTGATGATTCGACA,0.45,3A3,PST130_03172,15,1340,1417,1325,93.51
PST130_03748,C,GTGGGATGGCGTCGGAAATC,GCGAGTTGCAGCTGAGTCAG,0.45,3A4,PST130_03748,0,1287,1327,1287,96.99
PST130_03926,C,CTCTCGGAGACAAAGGAAAGTCA,TATAAATCGTCTGTCGTGGGCTG,0.45,3A5,PST130_03926,76,1271,1307,1195,91.43
PST130_05895_1,C,CCATCCCGTACAGGTACTTGCTC,GATCCCCGTTTGATGGCCG,0.45,3A6,PST130_05895,62,1265,2276,1203,52.86
PST130_00480,C,GGCACAAAGAACAGGAGGAAGAA,GCACAGGCTTTAGTTGGAAACC,0.5,3A7,PST130_00480,28,1524,1573,1496,95.1
PST130_07436,C,CACCGTCATCCTTGTTTGTACTG,ATCCCAATCTAACCCATTCCGTC,0.5,3A8,PST130_07436,47,1342,1427,1295,90.75
PST130_17512,C,AGAGGAATCCAAGCTATTGACCG,GCAAGATCATCATGACCAGGTTC,0.5,3A9,PST130_17512,65,1125,1171,1060,90.52
PST130_04843,C,CCATCATCTCTCAGTCCGGTTAT,CTGGCAGACATCTTGATGACATC,0.55,3A10,PST130_04843,84,1444,1454,1360,93.54
PST130_17447,C,ACACATAGGCACATTCTACCCTC,ATGGCTGGCGTATCGTTCTC,0.55,3A11,PST130_17447,0,1221,1282,1221,95.24
PST130_15324,C,CGACCCTTCAGACGAGCTG,TGGGACAGCGTGTACAAAGTTG,0.6,3A12,PST130_15324,17,1327,1351,1310,96.97
PST130_02262,C,AACAGCCCAGCCAAACTCTAATC,TAGGTAAGAATTTAGGCGCCAGG,0.65,3B1,PST130_02262,25,1383,1406,1358,96.59
PST130_08524,C,ATCTACTCAAACACTTGCCCAGC,CTTGACAACCCAGTTCATCACCA,0.65,3B2,PST130_08524,35,1635,1721,1600,92.97
PST130_12226,C,TTCATATCCCGATCATCGCTTCC,GACCAGCTTTGAACGCGTTAG,0.7,3B3,PST130_12226,73,1502,1561,1429,91.54
PST130_14970,C,TGTCACAGGAACCTCACATTCC,CTGATAGGTTCACGCAAACTGTC,0.7,3B4,PST130_14970,43,1230,1285,1187,92.37
PST130_00970,C,GCGTTGGCAGTTTATTCACTCTC,GATTTCTCAACAAAGACGCCCTC,0.75,3B5,PST130_00970,25,1840,1913,1815,94.88
PST130_11239,C,GAACGAGGAACCGAATCGATCTA,TAGCCAGAAAGAGATAAGCACCC,0.75,3B6,PST130_11239,19,1719,1772,1700,95.94
PST130_11673,C,CAGCCTTATCTGGAGCACTAACA,CAGTTGAGGAAGACAGAGGAGAC,0.75,3B7,PST130_11673,19,1408,1491,1389,93.16
PST130_14489,C,CGGACGATCCAGAAGCCG,TTCCAGTCCAGCCAGAGTATC,0.8,3B8,PST130_14489,19,1436,1532,1417,92.49
PST130_15346,C,CGACCACCGAACCTAAGGTC,CTGGACGATACCCTCATCACG,0.8,3B9,PST130_15346,0,1112,1112,1112,100.0
PST130_17002,C,TCTTCCTTCACGTCACGAGC,TGCACTCTACATTCTTCCGGG,0.8,3B10,PST130_17002,0,1374,1374,1374,100.0
PST130_08958,C,ACTTCGACTACCAACGAATCTCC,CCAATCAATTACGATCAGCAGCA,0.85,3B11,PST130_08958,39,1839,1995,1800,90.23
PST130_13304,C,TCACTCTTTGGGTGATCATTCCC,CGGAATGATCACCAAATGACTCG,0.85,3B12,PST130_13304,53,1415,1471,1362,92.59
PST130_01394,C,AGAGATCAGCGACCAAGCC,TCAGCTTCACTCAGTAACCAATCC,0.9,3C1,PST130_01394,0,1094,1094,1094,100.0
PST130_04664,C,AAGGGCCGAGTAGCAAGAG,AGTCAGTAAGCTGTGCGAGG,0.9,3C2,PST130_04664,0,1513,1540,1513,98.25
PST130_08164,C,GGCAAGGACATCTGTTCACATTC,CCGTCCTTATCATGAACATACGC,0.9,3C3,PST130_08164,34,1568,1584,1534,96.84
PST130_11072,C,GAGGGAGATATTGGAGGCGAATC,CCGATCTCAGTCCCGAATCC,0.9,3C4,PST130_11072,119,1395,1561,1276,81.74
PST130_11712,C,ACTTCACCATGCCCTCACTC,GACCAGGTTACGCTTCAATACC,0.9,3C5,PST130_11712,0,1437,1570,1437,91.53
PST130_12045,C,TAGTCTAGGGCCGACCACTC,TCCGACCAGACAAGTTACCG,0.9,3C6,PST130_12045,50,1705,1740,1655,95.11
PST130_12263,C,CGTCATCGAACAGTGACCAAATC,AGACGGTCAACTAGATATCCACTG,0.9,3C7,PST130_12263,70,1437,1437,1367,95.13
PST130_15499,C,TGGCAAACCAGGTAAGAGTTCA,GGTGTAGTGGAGCTTAATGGGATA,0.9,3C8,PST130_15499,80,1649,1701,1569,92.24
PST130_16924,C,GGGCACATCTACCCTAAACAATC,CTTCTCCGTCTTGAAGATGAGATG,0.9,3C9,PST130_16924,35,1427,1489,1392,93.49
PST130_17437,C,CACCAGAAGCCTACAGACAACTA,AAGTCTAATAGGAGAACCCGGGA,0.9,3C10,PST130_17437,17,1163,1220,1146,93.93
PST130_02349,C,GTGCGCGGTGTTCATACAG,CAATCCTCCCACGATGCAAG,0.95,3C11,PST130_02349,0,1437,1437,1437,100.0
PST130_02611,C,GCTCTGCTATCAATGACCATAACC,GGAGGAGCGCTACTCTGAAC,0.95,3C12,PST130_02611,19,1469,1506,1450,96.28
PST130_17060,C,CTCGCCTATAGTCGGACGAATAA,AGCTTCGAGTTAGCTCTAGGAGA,0.95,3D1,PST130_17060,11,1313,1380,1302,94.35
PST130_02257,C,CACTCGTTTCACGCCTAAACTAC,CGTCCTATCAACATTCGACGCTA,1.0,3D2,PST130_02257,56,2042,2076,1986,95.66
PST130_06085,C,ACCCACACTGACATCCTTTCTAC,GTAAAGACCGCCGAATCCATAAC,1.0,3D3,PST130_06085,69,2273,2334,2204,94.43
PST130_06090,C,AAACCAACAACAACTCACCAGC,CTGATGATTCAGGTCTAGCCAAGA,1.0,3D4,PST130_06090,37,1373,1432,1336,93.3
PST130_06400,C,TCCACCGATAACGAAAGGCTTC,CTGGAAGAAACGCAACACCC,1.0,3D5,PST130_06400,0,1551,1551,1551,100.0
PST130_09529,C,CGGAGTGCGATATAAAGTTCCAG,TTGGGACGATCATAATAAGTAGCCG,1.0,3D6,PST130_09529,0,1632,1632,1632,100.0
PST130_10204,C,CAAAGAAATTCCCGAGGCTCAAC,ACCGAATTCCATAAGCTGTCACG,1.0,3D7,PST130_10204,17,1857,1870,1840,98.4
PST130_12432,C,GGTAGATGATGCAACCGATTTCG,AGAAAGAGGTAGTGGGTGTTCTC,1.0,3D8,PST130_12432,56,1190,1234,1134,91.9
PST130_13707,C,CTGACCCTTCATCAATCCATCAGA,GACTGGCATCAACTTTCGGATTC,1.0,3D9,PST130_13707,81,1635,1681,1554,92.44
PST130_17296,C,TTGCCCACCTGTGCAATTTG,GACTCGGAGCACACAAACCC,1.0,3D10,PST130_17296,24,1500,1500,1476,98.4
PST130_00280,C,GAGGAGCAGGTTAGTCCCTC,TTGCGTTCGCTCAGACTGG,1.1,3D11,PST130_00280,36,1627,1637,1591,97.19
PST130_02598,C,CAGCTACTACTACGACCACCATC,CGAGTAACGAAATCGACGACTTG,1.1,3D12,PST130_02598,67,1816,1859,1749,94.08
PST130_05268,C,CGATGACTTATTCAATCCTGCTCC,CATCTTGACGACCCAACAAACC,1.1,3E1,PST130_05268,74,2213,2248,2139,95.15
PST130_05987,C,AGAACCACAATCCGGACTGG,GACCACTAGCCTTCCTGAGTC,1.1,3E2,PST130_05987,14,1331,1369,1317,96.2
PST130_07175,C,ATAACACTGGCCGGAACTATACC,TTCATGGCTGAGTACTTGAGGAC,1.1,3E3,PST130_07175,16,1494,1563,1478,94.56
PST130_13862,C,CAATCCCAATCATCAACCCAACC,AGTCGCTTCCTGCAAGAACAAA,1.1,3E4,PST130_13862,27,1792,1810,1765,97.51
PST130_08115,C,CACACCTCCACTTACCCACG,TGAGGCGCTAGTTTCGAAGC,1.15,3E5,PST130_08115,47,2024,2075,1977,95.28
PST130_04004,C,ATCCATCCAAGTTCTCATCCGAG,TCCTCAATCTCATGATGACCAGC,1.2,3E6,PST130_04004,37,1410,1480,1373,92.77
PST130_10303,C,CAACACTACTCACTCCAAGGTCA,GCGTCTCGAAAGAAAGAAAGGAG,1.2,3E7,PST130_10303,61,2190,2253,2129,94.5
PST130_01674,C,CAAGAAGGGCATCCAATTCGTTC,GCTTTGTGCAAGACGAGCCTG,1.3,3E8,PST130_01674,32,1707,1734,1675,96.6
PST130_02503,C,ATCGCAATGGCTTCCATAGC,CGATCGACAGATGCGTTTTCG,1.3,3E9,PST130_02503,0,1479,1495,1479,98.93
PST130_05759,C,TAGCATCATTCTCTCGATAATAATTCCC,GACAAAACGGTAGCGAGCTG,1.3,3E10,PST130_05759,0,1796,1808,1796,99.34
PST130_07064,C,TTCCCTGAGGACATTAGCCG,CTGGCATCGATCATATGACTGC,1.3,3E11,PST130_07064,0,1697,1697,1697,100.0
PST130_08259,C,AACAGTCATGGGAGATGGGC,GCTTGAGCTTGGGAGACATG,1.3,3E12,PST130_08259,0,1411,1490,1411,94.7
PST130_08286,C,TCGATCTTGACTCTGGACTTCG,CCCGTACCCAACCCTATGC,1.3,5D2,PST130_08286,0,1220,1220,1220,100.0
PST130_10369,C,GGGTACACTGGGTTACTGAATCT,GTTTCACCTTCTGGTAAGCAAGG,1.3,5D3,PST130_10369,51,1222,1271,1171,92.13
PST130_11498,C,ACTGAAACAGAAACAAACACCCAAAC,GCGATGATGATGGATGATCCTACAG,1.3,5D4,PST130_11498,0,1856,1856,1856,100.0
PST130_17001,C,AGAAGTTTATCGGAAAGACGGGG,TCCATGTCTAGGAGTCCAATCAC,1.3,5D5,PST130_17001,31,1769,1796,1738,96.77
PST130_15824,C,GGCTACCTACGACAAGACTACT,CCATCCGATCTACCTAATTCTGAG,1.35,5D6,PST130_15824,71,2114,2235,2043,91.41
PST130_04503,C,CGTTCGCTACGTACTGACCC,GCTGGCGAATGTGACGTATG,1.4,5D7,PST130_04503,26,2297,2351,2271,96.6
PST130_10190,C,AGAATGCTCGAACCATTTTCATCC,GGGCAGGGGCAAGAGTCC,1.4,5D8,PST130_10190,0,2081,2081,2081,100.0
PST130_12234,C,GTTCGACTCTAACGAGAAGGGTT,ACTTTCGAATAGAACCATCGGCC,1.4,5D9,PST130_12234,68,2605,2634,2537,96.32
PST130_00096,C,CGCAACGTTGAGTACTTCCC,TAAGCCATGATTTCATTGAAGATTAATTC,1.5,5D10,PST130_00096,6,1787,1788,1781,99.61
PST130_00395,C,TTTTCGGGCTGACTTCCAATTTTAATTG,GAGATACAGCGGCCACACTC,1.5,5D11,PST130_00395,0,1952,1952,1952,100.0
PST130_01950,C,CCTATAACCACCGGTACTACCCT,CATTGGTCCCATAGTGTCAAAGC,1.5,5D12,PST130_01950,66,2499,2541,2433,95.75
PST130_02102,C,GGACTGCGCGATAAGTCATC,CCAGAACGAAGCCACCAGAG,1.5,5E1,PST130_02102,63,2387,2494,2324,93.18
PST130_03536,C,ACCATCCTGCCTCACAATGG,CACATTACAAACATAAGATTTGTATCAATAGG,1.5,5E2,PST130_03536,19,2125,2173,2106,96.92
PST130_03597,C,GATGCCACGGACTGACCC,TTCTACAACTTGGTTTCACGACTAG,1.5,5E3,PST130_03597,2,2390,2390,2388,99.92
PST130_04037,C,CAACCAAGGTATATCATTCCATCC,CCATAGCCTGTTGAAGAGGGAAA,1.5,5E4,PST130_04037,166,1922,1942,1756,90.42
PST130_05586,C,TCACAGATACCCTCGAATTCACG,TCTATATATCCCAAGTGCGTCCC,1.5,5E5,PST130_05586,60,1544,1645,1484,90.21
PST130_05760,C,CACTGGTGAGGCCCTATGTG,AAATCTAATCAAAAGACCTCTGTTTGGAG,1.5,5E6,PST130_05760,0,1899,1899,1899,100.0
PST130_06472,C,CCAACCACCGAGTACATTCAAAC,GATTGAATCTTCCCCTCCACCAT,1.5,5E7,PST130_06472,133,2034,2070,1901,91.84
PST130_07593,C,CAAGACTTGAGCATCCCAATCG,ACCAGCATCGGATACAGCAC,1.5,5E8,PST130_07593,0,1495,1495,1495,100.0
PST130_08413,C,TTCTCTCCCAACCTGTCCAATTC,TCAAATCCGACCACTTTAGCCTG,1.5,5E9,PST130_08413,16,1938,1999,1922,96.15
PST130_09231,C,CAGGACCGACTGGATCATCAG,TGACCAGTAGCGCCTTGAAATAA,1.5,5E10,PST130_09231,46,1986,2139,1940,90.7
PST130_09951,C,GGCCAGAACCACAATATCACAAC,GACACCTCTATCAACGAGACGAT,1.5,5E11,PST130_09951,67,2303,2384,2236,93.79
PST130_11213,C,AGACTCATCAACTCAACCTAACGG,AAGTTACAATAGGTAAAGAGAAGATGCC,1.5,5E12,PST130_11213,0,1201,1201,1201,100.0
PST130_11377,C,CCCTCAGTTGACTCTTCAGTACC,CGAATGAAGTCCATGTACACCAC,1.5,5F1,PST130_11377,80,2055,2172,1975,90.93
PST130_12061,C,GCGGGAGAAGACATACGACG,GGAATCACCCTTCTACAATTCTCC,1.5,5F2,PST130_12061,0,1617,1617,1617,100.0
PST130_12163,C,GCACTTTCACTACGCCTAGGTAA,TCCCTCCTTTCACCTCTTAGGAT,1.5,5F3,PST130_12163,51,1853,1863,1802,96.73
PST130_12433,C,GCTAGCCGACTGTTTCTCGATAA,ATATACCCACGAACACGATCCTG,1.5,5F4,PST130_12433,74,2182,2258,2108,93.36
PST130_13758,C,ACTACGGACCCATTAATGCATCA,ACAGCTCTTTTAGAAGTTCCACC,1.5,5F5,PST130_13758,125,1880,1926,1755,91.12
PST130_14079,C,CGATGGCTATCTGGATCAGCTAG,GCTCGATTACCAACTGCATCATC,1.5,5F6,PST130_14079,54,2559,2587,2505,96.83
PST130_14114,C,TCTTGTTTCCTAGGCCGTCTAC,GGGGAAACTTATCTACTCAAGTGG,1.5,5F7,PST130_14114,0,2267,2267,2267,100.0
PST130_14805,C,TCTACGAGCAAGGTGTTAGTCTG,GCTTTGATGTTAGGAACCCAAGC,1.5,5F8,PST130_14805,64,2502,2521,2438,96.71
PST130_15161,C,CAACTACCGAATATCCAGCCTCA,GGTAAAGCACATGTCAAAACCGA,1.5,5F9,PST130_15161,15,2323,2335,2308,98.84
PST130_15748,C,ACAAACACACCCAAGAATATCGA,CGATGCCCATCAACCAGCCTAG,1.5,5F10,PST130_15748,111,1405,1405,1294,92.1
PST130_15757,C,AATACTCGATCAGCCAGCAGTTG,GTCTGCTGATAATCGATCTCGGA,1.5,5F11,PST130_15757,43,2174,2193,2131,97.17
PST130_16174,C,AATTTAGGAAGCGGTACATACGTACG,TCAGATAGCATATGACCGGAGC,1.5,5F12,PST130_16174,0,1549,1549,1549,100.0
PST130_17294,C,CATGAGACAATCCACGATCCACT,GTACGAAACCAGCCTCACTACC,1.5,5G1,PST130_17294,26,1728,1784,1702,95.4
PST130_17407,C,ACTGAGGCCATTGACCTTAACC,TGTACTGGCCTTCAAGAAGAGAG,1.5,5G2,PST130_17407,38,2231,2265,2193,96.82
PST130_17613,C,CCAACTATACATTCCAACCCAACC,CGGAATGAACAGACGCACATAA,1.5,5G3,PST130_17613,75,1986,2011,1911,95.03
PST130_17709,C,CTCAGGTCAGTTCTGCAAACATG,CTGGACACGACATCAGATGAATG,1.5,5G4,PST130_17709,23,1966,1987,1943,97.79
PST130_10064,D,GAGGCTATCAAACTCTACCAGGG,GAAAGACCGAGTGATCGACTGAT,0.3,4A1,PST130_10064,75,1281,1311,1206,91.99
PST130_03309,D,CACAGAACTCGATCCAATCCACT,GTTCCAATCATGATCTTCGAGCC,0.35,4A2,PST130_03309,58,1171,1252,1113,88.9
PST130_05287,D,CTATGATAACAGCTCACTCGCCA,GGTTCGATGGACAGGTTTCTCAA,0.45,4A3,PST130_05287,59,1413,1492,1354,90.75
PST130_05191,D,CCTAGCGGCTATCGACTTACAAT,ATCCATCAAGAACGTAAGAGGCC,0.5,4A4,PST130_05191,23,1597,1620,1574,97.16
PST130_06678,D,GCAGATCAGAACACAGCCGATAT,TTTGATCTGGGAGGAGTTTAGCC,0.5,4A5,PST130_06678,50,1396,1446,1346,93.08
PST130_09055,D,CGAGTCATCGTTGTCAATAAGCG,CTCGGCTTGTATCTGCCTACTAA,0.5,4A6,PST130_09055,71,1437,1461,1366,93.5
PST130_11002,D,GCCCATCCGAGGAGTACATC,CTAGTCCGCCCATGAAGCTG,0.55,4A7,PST130_11002,0,1333,1383,1333,96.38
PST130_14025,D,CTTAGCAACTTATCACCGACCAC,TAGGTACTGCGACTGAGTTAGGA,0.55,4A8,PST130_14025,24,1550,1567,1526,97.38
PST130_00886,D,TTTCCACTCTCAAACCAGCCAT,GGCCATAACTTCTGAACATCACC,0.6,4A9,PST130_00886,67,2132,2193,2065,94.16
PST130_00899_2,D,GTTCAAGCTGCTTCCAGTAACTTGAAG ,ATCGACCTAATGATGTGGTATGCAAGG,0.6,4A10,PST130_00899,0,2417,2417,2417,100.0
PST130_08111,D,CCTCGATCTACCTCAATACAGCG,TAGACTGACAACCGGAGCTCTAA,0.6,4A11,PST130_08111,83,1886,1970,1803,91.52
PST130_11203,D,AAGACCGGGTGCGATCATTG,GATCATGTATTTACGGAGCGGG,0.6,4A12,PST130_11203,82,1513,1513,1431,94.58
PST130_09193,D,GATATCTCACCCTTCCTTGACCC,TAGAAGAGCTCAGGAAATTCCCG,0.65,4B1,PST130_09193,21,1367,1393,1346,96.63
PST130_09780,D,ATGGTAAACAGGCCTACTCGATC,GACCCTATGGAAAGGTTGGGTTA,0.65,4B2,PST130_09780,61,1622,1648,1561,94.72
PST130_00093,D,TGCCCAAGTCCAGCAAGTATG,GAGGAGGAAGCTGAATCTTGGATC,0.7,4B3,PST130_00093,1,1102,1102,1101,99.91
PST130_03297,D,GGTCACTGGAATGCTTATCACTG,GAAGAAGGTACCAATGACGAGGA,0.7,4B4,PST130_03297,29,1690,1771,1661,93.79
PST130_05581,D,CGAAAACAATCCTGGGCAGC,GCTCGGATAATTTCCAGTTTCGAG,0.7,4B5,PST130_05581,0,1205,1250,1205,96.4
PST130_08550,D,TCTGGACGACTCTGTGCATG,GAGTGCGATCAGACGAAGCC,0.7,4B6,PST130_08550,0,1902,1902,1902,100.0
PST130_12003,D,TGGAATCAGCAGTATCGATCCTG,GTTGACCTTTAACCAGACCGATC,0.7,4B7,PST130_12003,26,1034,1099,1008,91.72
PST130_13400,D,AGGAAACGACGGAAGAACCAG,TCGGTCGAAGTGCGTTTCC,0.7,4B8,PST130_13400,9,1329,1334,1320,98.95
PST130_15168,D,GAGGGTCGCCTGTTGTCTAG,ATGAGGAGGGCTTTCTACGC,0.7,4B9,PST130_15168,0,1942,1942,1942,100.0
PST130_00463,D,GGTGCCACGACTCACGAAC,CATCGTAGCTCCGACCGTC,0.75,4B10,PST130_00463,0,2177,2177,2177,100.0
PST130_03115,D,GGGAACTGCGGACATGATGG,TGCAGATTGTTCCTGAGAGGG,0.75,4B11,PST130_03115,0,1998,1998,1998,100.0
PST130_08266,D,GCTTTAGCCTTTCCAGACACTAG,ACCGCCCTTAACTGTCAACC,0.75,4B12,PST130_08266,0,1277,1277,1277,100.0
PST130_15825,D,TCTGACTGTCAGGGTGAGC,GGAGGCCGAAGTGAGTATTCG,0.75,4C1,PST130_15825,0,1594,1594,1594,100.0
PST130_16123,D,CGACCACTGAGTAAGGTTGACTA,CAAGTTGAAGGAAGGATTGGCTG,0.75,4C2,PST130_16123,36,1535,1571,1499,95.42
PST130_16490,D,CGGGGCAGAGTGAAGCAG,TGGAATAAAGCACGACATGGC,0.75,4C3,PST130_16490,0,1295,1295,1295,100.0
PST130_03716,D,GAAACAAGTCAACGATCCAGAGC,CAAGACCGGTACATATGAGCAGT,0.8,4C4,PST130_03716,70,2128,2208,2058,93.21
PST130_05475,D,CTACCTTAGTCGTACCGGGC,TGGTTGGTGATACTGGACGAG,0.8,4C5,PST130_05475,91,1340,1413,1249,88.39
PST130_10580,D,TCCACGCACTTCACGACTG,ATGACCGGTCAGATTAGCAGTATC,0.8,4C6,PST130_10580,0,1852,1891,1852,97.94
PST130_14413,D,CCTTATCAAGAAGAGCACCCTCC,CGTAGATGTGAAGGAACCAAGGA,0.8,4C7,PST130_14413,30,1287,1346,1257,93.39
PST130_15153,D,CGGCTCGGAGGTTCAGTAG,TAACCACGAAGGCGAATTCAC,0.8,4C8,PST130_15153,0,1858,1858,1858,100.0
PST130_16992,D,GGAAAATTGGGCCACACCTG,CGGTACTCACATGTCCTGGC,0.8,4C9,PST130_16992,0,1542,1542,1542,100.0
PST130_17886,D,TGGCTCTAGTCGTAGAATCGTTG,AGTAGAGTGATTCTCCTGGTGGA,0.8,4C10,PST130_17886,65,1320,1344,1255,93.38
PST130_06027,D,AATCCTGTCCTGCCTGTATTCTC,GGCTACCATTAGGATGACCCAAA,0.85,4C11,PST130_06027,87,1617,1667,1530,91.78
PST130_06073,D,ATGGCAGGAGACTCAGGAGG,ATCAACGGGGATAGTGAAGTTGG,0.85,4C12,PST130_06073,0,1778,1802,1778,98.67
PST130_08182,D,ACCTGGTCAGTCGCACTATC,ACACACACCGGACTTTGGAG,0.85,4D1,PST130_08182,26,1670,1670,1644,98.44
PST130_12330,D,TCTCAAAGACCTTCGCTGCTG,CGAGGTTCAATGCGTACTGTTTC,0.85,4D2,PST130_12330,28,1681,1749,1653,94.51
PST130_14941,D,GTGAACCGTAACTTGTTATCCTCG,CGCGTTCTACTTTCTTCTTGTGAG,0.85,4D3,PST130_14941,66,1565,1576,1499,95.11
PST130_16061,D,CTCAACCACCTCAGTTCGTCTTA,AGATACTCTGAACAGCCCACTTG,0.85,4D4,PST130_16061,28,1754,1780,1726,96.97
PST130_17823,D,CAACAAGAGATTCCACACCCAAC,CGAAATAAGCTTGGAAGACACTCC,0.85,4D5,PST130_17823,53,1451,1477,1398,94.65
PST130_00923,D,GGAGACCAATACCAAAGTGAGCA,TCTCTCTCTCTCTAGCCTGATCG,0.9,4D6,PST130_00923,60,1431,1476,1371,92.89
PST130_02246,D,CAGAGTCGAACCAACCCGG,GAGCGGTTGCCCTATGAATAGTAG,0.9,4D7,PST130_02246,0,1635,1646,1635,99.33
PST130_04656,D,CCATAATTATCGAGCGGCCG,AACCGATCGAACTACTCAGTCAC,0.9,4D8,PST130_04656,0,1536,1536,1536,100.0
PST130_05941,D,GGCGACCTCAGTACAGCC,TCTGGATCAGATTGAAGTTTAAGGTCAC,0.9,4D9,PST130_05941,27,1618,1670,1591,95.27
PST130_06507,D,GCAGTTCGTCACTAATCTCCCTC,GGATCGAGCGTTGCATATTCAAG,0.9,4D10,PST130_06507,87,1290,1346,1203,89.38
PST130_12215,D,GGAAGTCAATCCCTCATCACCTT,GGGTGAAACGAGACTGTATCAGA,0.9,4D11,PST130_12215,82,1892,1966,1810,92.07
PST130_12814,D,CTCACCTGGCACCTCTTATCAC,GTGTGACCGGGTAATTTCTGTTG,0.9,4D12,PST130_12814,85,1948,1988,1863,93.71
PST130_12879,D,AGTACCAATACTAGGAGCGACC,GTTTGGGTGGACCGAGAGC,0.9,4E1,PST130_12879,0,1302,1302,1302,100.0
PST130_15436,D,ACGCCGAACCTTGATTGGAATA,GTCATGACATAGCGATAACGAGC,0.9,4E2,PST130_15436,80,1839,1849,1759,95.13
PST130_15455,D,TCCACACGAAGAGATCCCATG,CCAAGAGTCTAGCGTGCATG,0.9,4E3,PST130_15455,62,1495,1572,1433,91.16
PST130_17665,D,CGTCTCAGACTCGCGGTTC,TGGACTGCTGTCTATGCTGAC,0.9,4E4,PST130_17665,0,1521,1521,1521,100.0
PST130_03436,D,CAAGGAGCTCGGTTTTGTCC,ATAGGCAAGATGTTAATACATCTGAAGC,0.95,4E5,PST130_03436,0,1008,1008,1008,100.0
PST130_16227,D,CTTGATCGTGTATCCTTGCTCGT,ACTCAGAATCTTACTTACCGGGC,0.95,4E6,PST130_16227,56,1800,1921,1744,90.79
PST130_18039,D,AGGGAGAAGCTAACGACGAAATC,TACGACGATCTCCGGACGG,0.95,4E7,PST130_18039,0,2044,2044,2044,100.0
PST130_03346,D,GAGCGGGAGTAGCACGATTG,CGTGAACTTGCGTTGGCC,1.0,4E8,PST130_03346,0,2299,2299,2299,100.0
PST130_14521,D,AGCCCTGATCTGTTATCCGG,TCAATGCACGCCTTGTCCC,1.0,4E9,PST130_14521,44,1908,1975,1864,94.38
PST130_00603,D,CGACGCGACCTCAACCAG,TCGTAAAATGGGCTATGGAATTTGAG,1.1,4E10,PST130_00603,85,1663,1699,1578,92.88
PST130_08285,D,TTGTAGCTCCTCGACGATAAAATCAAAG,GATCGTATCCTTCAGGCCAGG,1.1,4E11,PST130_08285,0,1692,1692,1692,100.0
PST130_08580,D,CTAGCTACTGGACCTTGTTCCTG,TGAGTGAAATCGGGAGAAGAAGG,1.1,4E12,PST130_08580,34,1724,1749,1690,96.63
PST130_09751,D,GAGTGAAATGCCACAGACTGGAA,CATCCTTGCGTTCGTATTCATCC,1.1,4F1,PST130_09751,32,2397,2414,2365,97.97
PST130_11685,D,GGAAACTTCCTACCTCGCGG,GCTTATGTGCACGCATCAGG,1.1,4F2,PST130_11685,4,1665,1665,1661,99.76
PST130_13523,D,AGTCTTCATCTCTCTGCTTTCCG,GAGTGACGACGACACTACCAAA,1.1,4F3,PST130_13523,32,2034,2105,2002,95.11
PST130_11321,D,ACTCGACTACTGAGTTACCCAGA,GAGCCCATCTGAAATTGAGCAAG,1.15,4F4,PST130_11321,84,2375,2415,2291,94.87
PST130_05126,D,TGGCCACTCGAATCATACGC,CCCAGGGATTCTAACTGAGGG,1.2,4F5,PST130_05126,1,1687,1739,1686,96.95
PST130_12796,D,CATAAAGATCCGGGAACTTTGCC,CTCGAGTCTCGACTTTGTATCCA,1.2,4F6,PST130_12796,51,2030,2116,1979,93.53
PST130_16431,D,CCCTTGTAGTCTGTTGCTGTG,GCTTGTGCAACTCTAAAATTCTGC,1.2,4F7,PST130_16431,0,1555,1555,1555,100.0
PST130_01496,D,ATGTCGCCAGTCAGCTCG,AACATCATAGATTGTTGGTCTAGCTTTAG,1.3,4F8,PST130_01496,0,1779,1833,1779,97.05
PST130_02308,D,GCCAGTCAGGGTTAGTTCCTTAA,TGAGCACTACCCTCGACATAGTA,1.3,4F9,PST130_02308,45,2088,2167,2043,94.28
PST130_04043,D,AGCTTCCGGTGACTAGGACG,CTGTGTTTCTCTTCGCGACTG,1.3,4F10,PST130_04043,0,2325,2325,2325,100.0
PST130_08905,D,TGGGTGTCTTTGAGGAGTCTAGTA,CTTGAAGGCGTCGTTGAACATAG,1.3,4F11,PST130_08905,79,2415,2469,2336,94.61
PST130_12899,D,ACTCGAACAACCACTACTCAAGG,CAGACCGTCACCATCATTGACTA,1.3,4F12,PST130_12899,35,1822,1897,1787,94.2
PST130_13367,D,CTCGCAACCTCTCAGAATCTTCT,TACCAACAGATACTGAGCTAGCC,1.3,4G1,PST130_13367,26,2153,2192,2127,97.03
PST130_00523,D,ATACACAACAATCACAATCGACGAC,CGGGGTCATCATCTGTCTTCG,1.4,4G2,PST130_00523,0,1815,1815,1815,100.0
PST130_08037,D,TACAAGGATGGTTACAAGTCGGTC,ACGACCTAGAATCGCATCCAAG,1.4,4G3,PST130_08037,0,2371,2371,2371,100.0
PST130_01732,D,TCTCGAGTCGATCAGTGAACG,AATACTTCTCATGACGTCAAATAATG,1.5,4G4,PST130_01732,0,1754,1754,1754,100.0
PST130_03644,D,CATCTGGCCATCAATGCAGAG,TTTCTGTTTTGTTAAGGATTCCGAATAG,1.5,4G5,PST130_03644,86,2479,2479,2393,96.53
PST130_04244,D,TCCCAGTTGTGCCTTCGAG,GTGGGAAACGTTGTAAAGTTTTGAG,1.5,4G6,PST130_04244,0,2251,2286,2251,98.47
PST130_04599,D,GTGTAGGCCGACATCGCTAG,CTCTGTAACTCCCAAAGATATCGAG,1.5,4G7,PST130_04599,0,1834,1834,1834,100.0
PST130_06829,D,GTGAACAGCACGTGTCTAAGTG,TCAAGACCAAGCGCATTCTG,1.5,4G8,PST130_06829,0,2288,2288,2288,100.0
PST130_07023,D,GTTCAGATGCTTCTTTGATAGCCC,ACATCATGACCGGCTCTGAC,1.5,4G9,PST130_07023,0,2429,2429,2429,100.0
PST130_10058,D,TTATGATACACATGGAAAGTAAGGTATAG,ATCACAGCCAATCACCAGCC,1.5,4G10,PST130_10058,0,1372,1372,1372,100.0
PST130_10459,D,GTTTGCAAGATTTGTCCAATTATTCAAG,AATCGGCCTGATACCTGGTG,1.5,4G11,PST130_10459,0,1527,1527,1527,100.0
PST130_10515,D,ATCCTGGGTGAGCAATCAGAC,TCATTCCCTGATAGATGATGTTTCTC,1.5,4G12,PST130_10515,21,1787,1787,1766,98.82
PST130_11299,D,CCACATTACAAACGCAGGCC,AGGTATATCACGCTGCCAAATC,1.5,4H1,PST130_11299,0,1870,1870,1870,100.0
PST130_12133,D,ACCGCTTCACCTCTTTCTGAG,ATTTGAATTCCTATAGGCGTGTTGG,1.5,4H2,PST130_12133,0,2489,2489,2489,100.0
PST130_13714,D,CCATTTCATTGTGCCACAGGG,AGGGATGTCTCCTAAGAGGGC,1.5,4H3,PST130_13714,0,2493,2493,2493,100.0
PST130_14939,D,TTTCTTCCTGGGTGTTGGTCTAG,ATGGAGGGCATGAGGAAGTATTC,1.5,4H4,PST130_14939,76,2269,2300,2193,95.35
PST130_15390,D,CAAGACGGTCAACAAGAACTCAC,CTGGTTTGACGGAGAGTTCTAAC,1.5,4H5,PST130_15390,87,1595,1708,1508,88.29
PST130_15804,D,GCATGGACTGGTAGAAGCGATTA,CTTCGATGGAGGTAGTTCAGACC,1.5,4H6,PST130_15804,82,2652,2670,2570,96.25
PST130_16306,D,AGAACTCAAAAGATGGCATACGATG,CAAGTGAATATTCTTCTTTCACCCAGC,1.5,4H7,PST130_16306,75,2305,2305,2230,96.75
PST130_16414,D,CTTCAGAGCAAAGTTGAGTGCAG,GGTTTATCGCCCTTTCCACAAA,1.5,4H8,PST130_16414,80,2100,2116,2020,95.46
PST130_16725,D,CTAACCTGCCCTTGATCTCCTTC,TTCGATTTGAGCGGCTGAGTTT,1.5,4H9,PST130_16725,63,2532,2574,2469,95.92
PST130_16733,D,TGCTATCGCTGAATGTCTGTCTC,CACCTAATCCAGCACCATTGACT,1.5,4H10,PST130_16733,28,1882,1956,1854,94.79
PST130_17349,D,CAATCGGTCATCAGCCATCAATC,AAGAGAAAGGAGGATGAGAGGGA,1.5,4H11,PST130_17349,32,2181,2268,2149,94.75
