amplicon,pool,forward,reverse,volume,well,gene,start,end,gene_length,amplicon_length,amplicon_pct,plate,row,col
PGTG_00600_v1,A,CCTGATCCGTTGGATGTCCG,ATCGTAGCTGGGCAAAACAG,1,1A1,PGTG_00600,0,1912,1912,1912,100.0,1,A,1
PGTG_00601_v1,A,GCGATTCCCGATTGTATGCG,TTCCGCCGGATTCAGTAAAC,1,1A2,PGTG_00601,0,1554,1554,1554,100.0,1,A,2
PGTG_00771_v1,A,GTCCGTCCAACACATTAAGGC,TAGAGCGGCAAAATAACGCAC,1,1A3,PGTG_00771,0,1810,1931,1810,93.73,1,A,3
PGTG_00812_v1,A,AAGACAGCTTCCTCCAGATCG,CACTACTCGCTGGCTGTTTC,1,1A4,PGTG_00812,0,1623,1623,1623,100.0,1,A,4
PGTG_00681_v1,A,CGGGCATTTGAGAAGTCGTG,TCTGGTGAGTTCAAGAGCAAAAC,1,1A5,PGTG_00681,0,1998,1998,1998,100.0,1,A,5
PGTG_00730_v1,A,GTTGCTCTCCTTATCGACCCG,GTCGGCGGACTATCCAGAAG,1,1A6,PGTG_00730,2,1652,1783,1650,92.54,1,A,6
PGTG_01398_v1,A,AAGAGAGCTCACGCAACGAG,CGTCTAGGTCAAAGCTATGCG,1,1A7,PGTG_01398,52,1305,1305,1253,96.02,1,A,7
PGTG_01095_v1,A,ACGAGCCAGAGGGATCTTTG,CTGAGGGATGAGGGAAGCTATG,1,1A8,PGTG_01095,0,1339,1339,1339,100.0,1,A,8
PGTG_01105_v1,A,CATCACTTTCATGGTCATCCCG,TTTCTCCAGGCCTGATCCTG,1,1A9,PGTG_01105,0,1438,1438,1438,100.0,1,A,9
PGTG_01226_v1,A,GGTAAGCCGAGCACTCATTC,ATACTGGAAACATAGCCGGGG,1,1A10,PGTG_01226,0,1900,1900,1900,100.0,1,A,10
PGTG_02304_v1,A,TTGAGCTGAGTCTTGCCTGC,ATCCGTGACCGATTGTCTCTC,1,1A11,PGTG_02304,0,1327,1327,1327,100.0,1,A,11
PGTG_01806_v1,A,CTTGCCATCGCTATTTCCCG,GGCTGGATGATTCACACGATG,1,1A12,PGTG_01806,0,1283,1283,1283,100.0,1,A,12
PGTG_01902_v1,A,AAACCACATGTCCATCCCTGG,ACATCGGATCGCTTTTGGTG,1,1B1,PGTG_01902,0,1977,1977,1977,100.0,1,B,1
PGTG_01963_v1,A,ATTTTCCACTCGCACTTGAGC,ATCTGATAGCCATTTGCGTCG,1,1B2,PGTG_01963,0,1909,1945,1909,98.15,1,B,2
PGTG_02406_v1,A,GTGCGTGCCACTGAAAAGAC,CTGAATCTGAACGGACGAGTG,1,1B3,PGTG_02406,0,1553,1553,1553,100.0,1,B,3
PGTG_02767_v1,A,ACACACATCAGCAATGGACAAC,GGAACGTACTCTGGGACCTG,1,1B4,PGTG_02767,21,1863,1863,1842,98.87,1,B,4
PGTG_02888_v1,A,CTTGGCACTGGATTTGGGAC,AGCAGACTCACTTGTCTATCCTG,1,1B5,PGTG_02888,0,1973,1973,1973,100.0,1,B,5
PGTG_04003_v1,A,TTTGCTCACCGTCCAACAAG,CTATTGAGCACATGCAAAGCAG,1,1B6,PGTG_04003,0,1098,1186,1098,92.58,1,B,6
PGTG_03435_v1,A,GATGCAGGATCCGAAAGTCG,TACCCAGCTTTGCCTTTCTTTC,1,1B7,PGTG_03435,0,1680,1680,1680,100.0,1,B,7
PGTG_03518_v1,A,TCTGATTCCCTTCAACCTGGTG,ACAAGAGGGGAGACACTTGC,1,1B8,PGTG_03518,175,1580,1595,1405,88.09,1,B,8
PGTG_03728_v1,A,CAGGGAAGTCCATTTCCAGAC,CTAGAGCTCCAGAACGACCC,1,1B9,PGTG_03728,0,1609,1609,1609,100.0,1,B,9
PGTG_05777_v1,A,ACTCGCACCTAGAAGTCACAG,AGAAATCCTGGGACGGTTGAC,1,1B10,PGTG_05777,0,1397,1397,1397,100.0,1,B,10
PGTG_05151_v1,A,TGTATCAGCTCACACAACGC,GTGACGATCCATGTTTTGAGGG,1,1B11,PGTG_05151,0,1429,1429,1429,100.0,1,B,11
PGTG_06166_v1,A,TCGTGGATTCAGCTGGTCTG,TTTACAGGGCAATTCAGCAAGG,1,1B12,PGTG_06166,0,1802,1802,1802,100.0,1,B,12
PGTG_06963_v1,A,GCCCTCTATCTGCAGGTCTAC,CCTCGTCATAGTCTGGACACC,1,1C1,PGTG_06963,0,1258,1392,1258,90.37,1,C,1
PGTG_07241_v1,A,CGCTGCTTGGGATACTTTCG,ACTTCTGCCCTAATTGACCG,1,1C2,PGTG_07241,0,1397,1397,1397,100.0,1,C,2
PGTG_07297_v1,A,TGCCGAGTTGCATCCTAGTG,TTAGCTGCTGTGTTGATTGGC,1,1C3,PGTG_07297,0,1265,1265,1265,100.0,1,C,3
PGTG_07538_v1,A,CGGAAGAGGTCAAAAGTGAGC,CTTGTCTGAGTGCAGCAAGTC,1,1C4,PGTG_07538,0,1938,1938,1938,100.0,1,C,4
PGTG_07539_v1,A,TTTCACTGGCCCAAGGACTG,CTCCGGTCGAAGAATTTGAGC,1,1C5,PGTG_07539,0,845,1257,845,67.22,1,C,5
PGTG_07548_v1,A,CCAAGCCTGTTTTGGGTGTAG,AGAGGCAAGGTCTTCAAGCTC,1,1C6,PGTG_07548,0,1812,1812,1812,100.0,1,C,6
PGTG_08038_v1,A,AAATCCCGACCTGGAACGTC,ATTGGCCAAAGGGACACAAG,1,1C7,PGTG_08038,0,1307,1307,1307,100.0,1,C,7
PGTG_08208_v1,A,CATCATGCAGATTCCCGTCATC,TGCACAAACTCCCACCAAATC,1,1C8,PGTG_08208,0,1977,1977,1977,100.0,1,C,8
PGTG_09325_v1,A,GGGATCTCTGGGCGGTAATC,ACACGTCTGTCCAGGATTGAG,1,1C9,PGTG_09325,0,1400,1400,1400,100.0,1,C,9
PGTG_09329_v1,A,GGCATGAGACCCGAGAATCG,CAGCTACCAACCCTTTGTGAG,1,1C10,PGTG_09329,0,1737,1737,1737,100.0,1,C,10
PGTG_09372_v1,A,ACGTAGTCGACCACTCAAGC,GTCGAGGGTAAGGAGTGTATCTG,1,1C11,PGTG_09372,32,1524,1524,1492,97.9,1,C,11
PGTG_12892_v1,A,TCGTCTGTCGATTGGTGTCTG,GTCGCTCCATAACACGCTTC,1,1C12,PGTG_12892,0,1667,1667,1667,100.0,1,C,12
PGTG_11634_v1,A,TCAGGTGGGAAACCGATCAC,AACACTTGGTTACAACCGCAC,1,1D1,PGTG_11634,0,1855,1855,1855,100.0,1,D,1
PGTG_13640_v1,A,CGGCATTAAACATATCCCGGC,TGGCCCTCAGGAAGATGAATG,1,1D2,PGTG_13640,0,1647,1647,1647,100.0,1,D,2
PGTG_14036_v1,A,GTTCCCGGAAGGAAAAGAAGC,TCGCCCTAAGTGGATAGAGTTG,1,1D3,PGTG_14036,0,1711,1711,1711,100.0,1,D,3
PGTG_14404_v1,A,TGCGCTTATTCCAGTTGCTC,GTCATCTGGGGTTGATTTTGGG,1,1D4,PGTG_14404,0,1763,1763,1763,100.0,1,D,4
PGTG_14414_v1,A,CTACGCAGAGCGGAAAAGTG,ACATCAGGCTCTATTTGCAACAC,1,1D5,PGTG_14414,0,1893,1893,1893,100.0,1,D,5
PGTG_14435_v1,A,ACCTGTCTAAGGGCACATCC,AGTCCTCGCTCATTCCTATCG,1,1D6,PGTG_14435,0,1424,1424,1424,100.0,1,D,6
PGTG_15974_v1,A,CGTCGATTGTTTACGGTCGG,AGGCCTTGGTGGACTTGAATG,1,1D7,PGTG_15974,0,1254,1254,1254,100.0,1,D,7
PGTG_15111_v1,A,GGACTTCGATTTGGGACAACC,CTGCAGGAGAGGGACTAACTG,1,1D8,PGTG_15111,0,1744,1744,1744,100.0,1,D,8
PGTG_15701_v1,A,CATCTCACGGTTGATTCGCC,GTACCGTTTCACTTTCAGCAGG,1,1D9,PGTG_15701,0,1796,1796,1796,100.0,1,D,9
PGTG_16220_v1,A,CAAGTCGGATGAGGGCTTTC,TCTAACCCTTGCTGCTAGTTCC,1,1D10,PGTG_16220,0,1160,1160,1160,100.0,1,D,10
PGTG_16255_v1,A,ATGCAATATGCGTCCCACCC,GATGAGCTCTTGCCATGTTGC,1,1D11,PGTG_16255,0,1548,1548,1548,100.0,1,D,11
PGTG_17204_v1,A,GGTGAACTGGACTGTTTGATGG,GGATGGGGCTAACAGGGAAC,1,1D12,PGTG_17204,0,1852,1852,1852,100.0,1,D,12
PGTG_17963_v1,A,CCGACAAAGTCCATAAAGCGG,AGGGGATGAATCTGAGAGCTG,1,1E1,PGTG_17963,37,1506,1506,1469,97.54,1,E,1
PGTG_18625_v1,A,AGTGGTCCAATGGGCCTTTC,CTAAAGAAACGGGTGTGGAGC,1,1E2,PGTG_18625,0,1418,1500,1418,94.53,1,E,2
PGTG_20599_v2,A,AAAATTACGGAGGAACGGCTG,CCCCTTGCTGAAAACCAGAAC,1,1E3,PGTG_20599,0,1113,1113,1113,100.0,1,E,3
PGTG_20640_v1,A,GACCTATGTACTGGGGCCTG,GCGCTTGAGATGCAAAACATC,1,1E4,PGTG_20640,0,1297,1297,1297,100.0,1,E,4
PGTG_21468_v1,A,TACGCAGTTCATACAGCCCC,AGGCCAACGATGGTCAATGTC,1,1E5,PGTG_21468,0,1903,1910,1903,99.63,1,E,5
PGTG_21725_v1,A,TCATCGCTGGCAAATGCTATG,GTTCTACCAGGACTACCAACCC,1,1E6,PGTG_21725,0,1275,1275,1275,100.0,1,E,6
PGTG_21885_v1,A,GCTGCCAAATGGTACAGTTTCC,TCACTGGAGCTGGTACACAC,1,1E7,PGTG_21885,0,1259,1259,1259,100.0,1,E,7
PGTG_22457_v1,A,AGAGTGCTGTGAAGAGTTCGG,TACGCTATCATCATGGCCCC,1,1E8,PGTG_22457,0,1676,1676,1676,100.0,1,E,8
PGTG_03510_v2,A,TGAAGTGTCAGGGACTCATCC,ACTGATTGTTGCAAGAGCCG,1,1E9,PGTG_03510,0,1435,1683,1435,85.26,1,E,9
PGTG_01898_v1,A,TCCGGAAGGTGACAACTGAC,ATCTTTTGCGGCAGAAATCGTC,1,1E10,PGTG_01898,0,1199,1199,1199,100.0,1,E,10
PGTG_02174_v1,A,CCGAAACGGAAAGACTGAGAC,TCATCACGGCGATTAGGGTC,1,1E11,PGTG_02174,0,1295,1295,1295,100.0,1,E,11
PGTG_09330_v2,A,AAGCCTGAAACACTTGTCGTG,AGGGTAATGAAGACCGGACAG,1,1E12,PGTG_09330,0,1332,1332,1332,100.0,1,E,12
PGTG_12773_v1,A,ACGTTTTGATTGGTCGTGTCG,GCCGTAAATTCACGAGGACAG,1,1F1,PGTG_12773,0,1207,1444,1207,83.59,1,F,1
PGTG_13203_v2,A,GGTTGATTGTTCGGATGGCTG,ATCTGCGATTTGCTCACTGC,1,1F2,PGTG_13203,0,1580,1580,1580,100.0,1,F,2
PGTG_13270_v1,A,GTTTTCAAGTCAGCCAGACCG,GTTTTGAGCCGCTTGAGGTC,1,1F3,PGTG_13270,0,1765,1895,1765,93.14,1,F,3
PGTG_11504_v1,A,GGCTGAGCGGGAGAATAAAAG,GAGCGTTCTCAACACTTCCG,1,1F4,PGTG_11504,146,1725,1725,1579,91.54,1,F,4
PGTG_12261_v1,A,GTCAGCATGTTTCGATAGCCC,AGTACAAGGTCAGGGATCGTG,1,1F5,PGTG_12261,0,1328,1384,1328,95.95,1,F,5
PGTG_13787_v2,A,GGGAGATTCCTCAGGGCATAG,TGAAAGCACAGATAATTGCGGG,1,1F6,PGTG_13787,0,1833,1833,1833,100.0,1,F,6
PGTG_13805_v2,A,TAGAGTCGGCTTGGATGCTG,ATCCTGATCGGAGACTTGTGG,1,1F7,PGTG_13805,0,1462,1462,1462,100.0,1,F,7
PGTG_16749_v1,A,AGTAGACCATCTGGGATTGCG,GTGAGGTCGAGCCAAAGATTG,1,1F8,PGTG_16749,0,1474,1474,1474,100.0,1,F,8
PGTG_17690_v1,A,CGAGCTTCAGATTTTGGAGGC,GCACAAGAATGCTGTGACCC,1,1F9,PGTG_17690,0,1266,1266,1266,100.0,1,F,9
Sr21_3,A,TCCTGGAATATTGCAGCAGTC,CAGGTAGCTCGTGGAAAGCC,1,1UNK,Sr21,2969,4875,4875,1906,39.1,1,UNK,UNK
Sr33_1,A,AGCTTGGATTGCATTGCAGC,GACACTGACAATGCGGGTTG,1,1UNK,Sr33,0,938,2888,938,32.5,1,UNK,UNK
Sr35_1,A,GGGTCAAGATCTGGGCAGG,AACAAGAGCAGGCAGAGTCC,1,1UNK,Sr35,183,2379,2767,2196,79.4,1,UNK,UNK
Sr45_2,A,TCATTGAAGTGCATGCCTCC,AACCGATCTTTTAGCCTACAAAC,1,1UNK,Sr45,1975,3705,3705,1730,46.7,1,UNK,UNK
Sr46_2,A,AGCACATTAGAAGAAGTGGCAG,AGAGCTGTCATGGCACCTTG,1,1UNK,Sr46,1408,2572,2775,1164,41.9,1,UNK,UNK
Sr50_2,A,AGACCTTACACTGATACTCTGAAC,ATCAATCGGGGGATGGTTGG,1,1UNK,Sr50,831,2789,2876,1958,68.1,1,UNK,UNK
PGTG_00683_v1,B,GCTTATGTGATCAGCTGAGTTCG,GATAAGAGCTGCGAATGGCG,1,2A1,PGTG_00683,0,1574,1764,1574,89.23,2,A,1
PGTG_01342_v1,B,TCCGATGGGCGCTAATCAAG,AGGCGAAAGATAGCGGATGAG,1,2A2,PGTG_01342,0,1377,1377,1377,100.0,2,A,2
PGTG_00866_v1,B,TTATCAATCTCCTGGAAGCGGC,TAACACCCTGAGAGGGCAAC,1,2A3,PGTG_00866,30,1869,1925,1839,95.53,2,A,3
PGTG_01123_v1,B,TCTTCACTGATCTGTCGGGC,ACATTGAACCCAAGAGGACGC,1,2A4,PGTG_01123,0,1971,1971,1971,100.0,2,A,4
PGTG_01555_v1,B,ACAGACTAAGCACATCGGAGG,AGAATCAGGAGACGCGAAGC,1,2A5,PGTG_01555,20,1266,1266,1246,98.42,2,A,5
PGTG_02390_v1,B,CATGCATAATCACTGCCACCC,CTGTCCAACACCTTGAAAGCC,1,2A6,PGTG_02390,0,1711,1711,1711,100.0,2,A,6
PGTG_01964_v1,B,ACGACATCAACACTTTGAGCG,ATGCAAGTCAACATGTGAGCC,1,2A7,PGTG_01964,0,1770,1770,1770,100.0,2,A,7
PGTG_02234_v1,B,AATCACGGCCCCTAGGAATC,TCAATTGCCCTTCCCTAGCTC,1,2A8,PGTG_02234,0,1207,1207,1207,100.0,2,A,8
PGTG_03257_v1,B,CACCTGCGTAATTTCCCCTC,ACACTCGAATCACCCTGTGAG,1,2A9,PGTG_03257,0,1189,1189,1189,100.0,2,A,9
PGTG_03321_v1,B,GGGCTAAGCTGTGCCCTAAC,CGAAGACAATGCGCTCACTC,1,2A10,PGTG_03321,0,1699,1699,1699,100.0,2,A,10
PGTG_03330_v1,B,AAGCTCGGCAGATCCCTATC,AAAGCCTCTCAAGCCAAGAAG,1,2A11,PGTG_03330,0,1841,1841,1841,100.0,2,A,11
PGTG_02562_v1,B,CAACAGAAGATGAACCCGACG,AATGCTTGTCCAAGAAGCTGG,1,2A12,PGTG_02562,0,1750,1750,1750,100.0,2,A,12
PGTG_02646_v1,B,ACCTCACCCTGTCGATTTCTC,GACTTAACACACGCCCTCAAG,1,2B1,PGTG_02646,0,1786,1786,1786,100.0,2,B,1
PGTG_04270_v1,B,TCGTTCGGAATGTGTATCGCC,CGTCAAGAAGCCGGGAATTG,1,2B2,PGTG_04270,0,1327,1327,1327,100.0,2,B,2
PGTG_04335_v1,B,ACTCCTCAAATCGCAATCCATC,TGTGCGGTAGTGATCGAAGG,1,2B3,PGTG_04335,0,1688,1688,1688,100.0,2,B,3
PGTG_03791_v1,B,ACCGATGCTGAGTATGCCTC,TGGAAGTTGTTGAGGGTGAAAC,1,2B4,PGTG_03791,0,1295,1298,1295,99.77,2,B,4
PGTG_03815_v1,B,ACTCGTTCGTCAAACAGTCG,TTAGCGAGAGAGCGATTGAGG,1,2B5,PGTG_03815,16,1171,1199,1155,96.33,2,B,5
PGTG_04779_v1,B,CATGTCGTCCCCTGTAAACCC,GCACGGAGATGTGAGGTTTC,1,2B6,PGTG_04779,0,1899,1899,1899,100.0,2,B,6
PGTG_04993_v1,B,TTTCATTGCACAGGTGTTCCC,GAATTGCTCAGTGGAAGCAGG,1,2B7,PGTG_04993,0,1372,1372,1372,100.0,2,B,7
PGTG_07001_v1,B,GCTGTCCTAACTCCCGACTC,AAAACCAGGCAGATGTACGC,1,2B8,PGTG_07001,0,1933,1933,1933,100.0,2,B,8
PGTG_06271_v1,B,TCACTGCAAAGGTGGATTTGG,ATTAGCCGTCAGGTCATACCG,1,2B9,PGTG_06271,0,1113,1113,1113,100.0,2,B,9
PGTG_06506_v1,B,GTTCTTGGTTGCTTACCGGC,ACTCTGCCGTCATCAAAACTG,1,2B10,PGTG_06506,60,1145,1278,1085,84.9,2,B,10
PGTG_06920_v1,B,AACTGGACTCGACTCATGACC,ATGGTACGAGGATCGTTGCG,1,2B11,PGTG_06920,0,1934,1934,1934,100.0,2,B,11
PGTG_07028_v1,B,CCCGTGATATCCAGCAGAGG,GGGTACAACAACCAACACCAG,1,2B12,PGTG_07028,0,1456,1456,1456,100.0,2,B,12
PGTG_07378_v2,B,CGTCACCCCTTTACACCTCTC,ACGGTGGAAGTTATAGCTGGG,1,2C1,PGTG_07378,0,1284,1284,1284,100.0,2,C,1
PGTG_07391_v1,B,ACGACAAAATGACGCTGACTG,TACTCCAAGAAACTTTGCAGGC,1,2C2,PGTG_07391,0,1787,1851,1787,96.54,2,C,2
PGTG_07396_v1,B,GAGATGACGAAACGACGAGATG,GTTCTCTCAACAAGCCGACG,1,2C3,PGTG_07396,0,1664,1675,1664,99.34,2,C,3
PGTG_07088_v1,B,TCACCCATTTCGGTACGTCG,CATGCCAGATGGGGATTTTGG,1,2C4,PGTG_07088,0,1486,1486,1486,100.0,2,C,4
PGTG_07296_v1,B,ATCTCCGACACCATCACACTC,CCAAGACACAGATGGAAGCAG,1,2C5,PGTG_07296,0,1568,1568,1568,100.0,2,C,5
PGTG_08072_v1,B,AAGTGAGCCGGGTAGGATAAC,TAAGTTGGGCACATGGAAACG,1,2C6,PGTG_08072,0,1999,1999,1999,100.0,2,C,6
PGTG_08566_v1,B,CCCATTTGACCAATCACAGCC,CGAGCTGCGATACCAATGAG,1,2C7,PGTG_08566,0,1951,1988,1951,98.14,2,C,7
PGTG_08410_v1,B,TTCCTTGGGTATCAGCCGTC,CAAACTTGGAGTTTTGGCACTC,1,2C8,PGTG_08410,0,1864,1864,1864,100.0,2,C,8
PGTG_08865_v1,B,CGTTCCGTCGAACATATCGC,TGCAGTCTGAAGTTTGCTGAAC,1,2C9,PGTG_08865,499,1594,1594,1095,68.7,2,C,9
PGTG_10780_v1,B,TGAAACTAGCCTCCCCTCAC,AACATTTCCGCTTCTTTCGGG,1,2C10,PGTG_10780,0,1937,1937,1937,100.0,2,C,10
PGTG_12996_v1,B,GCGAGGGTGCTGGTTAGTAG,GATGAAGCGAAGATCCAATCCG,1,2C11,PGTG_12996,127,1882,1900,1755,92.37,2,C,11
PGTG_12402_v1,B,TATTGTGGGGCCATTGGAAAC,CTCATTGCCTCCATCATGTGC,1,2C12,PGTG_12402,0,1240,1240,1240,100.0,2,C,12
PGTG_14721_v1,B,CACAAGCCAACACCTTACACC,CCCGACTCATAGAGCACCAAG,1,2D1,PGTG_14721,0,1760,1851,1760,95.08,2,D,1
PGTG_14547_v1,B,ATCTCAAGGCAAAGAGACCCC,AATGCCTGTCCCTGCAGATG,1,2D2,PGTG_14547,0,1551,1551,1551,100.0,2,D,2
PGTG_15146_v1,B,GAGGCTTGGCCAATCAATCAC,TCACACCTAAGGCTATGGCG,1,2D3,PGTG_15146,0,1770,1770,1770,100.0,2,D,3
PGTG_15444_v1,B,CTCACATCCATCGAATCGTCC,CATGACACCGTTGATGGGAAC,1,2D4,PGTG_15444,0,1117,1225,1117,91.18,2,D,4
PGTG_16770_v1,B,ATCGAGCCACATCGGCATAC,ATAACAGAGCCCCAACAAATGC,1,2D5,PGTG_16770,100,1563,1582,1463,92.48,2,D,5
PGTG_16661_v1,B,TCATCACTTGTCATCTGGGGC,ATGCATTCTGGTGGGAATGTC,1,2D6,PGTG_16661,0,1458,1458,1458,100.0,2,D,6
PGTG_16746_v1,B,AACCATCAGTCCGTTGCTCG,CTAGGCGTCATAACATTGCCC,1,2D7,PGTG_16746,0,1624,1624,1624,100.0,2,D,7
PGTG_17636_v1,B,AGATGATCCCGCTCTAACCAC,AAGAGGGCACTCAATTCTGC,1,2D8,PGTG_17636,44,1717,1717,1673,97.44,2,D,8
PGTG_17060_v1,B,CCCAACCTCTGATCTGGAAGC,ATCATACTCAGCCCTGCCTC,1,2D9,PGTG_17060,0,1771,1771,1771,100.0,2,D,9
PGTG_17079_v1,B,CCACTCAGGCGTTACTGAGG,AGAGAAAGACACGGTTGGTGG,1,2D10,PGTG_17079,0,1747,1783,1747,97.98,2,D,10
PGTG_17183_v1,B,GGAGTTCTTGCTGAGTTTCGG,ACTTGAAAGATCGTGGCGTTG,1,2D11,PGTG_17183,0,1486,1505,1486,98.74,2,D,11
PGTG_18310_v1,B,ACACACTCGAAGAAGGACGG,ATCTGTCACAACCCAATCAACG,1,2D12,PGTG_18310,0,1599,1599,1599,100.0,2,D,12
PGTG_20425_v1,B,CATCACCAACCATGGAACCAG,CAGACAGCCAAAGACAAGTGG,1,2E1,PGTG_20425,0,1555,1555,1555,100.0,2,E,1
PGTG_21550_v1,B,AATCACCCTCACCACCAATCTC,GGGAGCTAAGTAGGCTTCGG,1,2E2,PGTG_21550,0,1065,1122,1065,94.92,2,E,2
PGTG_20972_v1,B,CAAGCCCATCTGCATCCAATC,CCCAGCTGTGGTACTGGAAG,1,2E3,PGTG_20972,0,1766,1766,1766,100.0,2,E,3
PGTG_21064_v1,B,CTTCCGAATCGGCAACACTG,AGGAATAGTGCTTGTCCCTCG,1,2E4,PGTG_21064,0,1350,1350,1350,100.0,2,E,4
PGTG_21084_v1,B,GTCACCAGCTAATCCCAAGC,CACTGGGGAGAGAGGGTAAG,1,2E5,PGTG_21084,0,1309,1309,1309,100.0,2,E,5
PGTG_21162_v1,B,CCTGAAGTCGTTTTGCCTGAC,GTCGGCTGGATAGTTGTCCC,1,2E6,PGTG_21162,24,1197,1197,1173,97.99,2,E,6
PGTG_22769_v1,B,TATACAGCTCAATCTGCCGC,GAGTGCACATGGGTGAATGAC,1,2E7,PGTG_22769,0,1519,1519,1519,100.0,2,E,7
PGTG_22168_v1,B,ATTGCAATCGGAAGATGTGGG,CCGGTCGATTAGCTCAGTTG,1,2E8,PGTG_22168,0,1876,1876,1876,100.0,2,E,8
PGTG_22393_v1,B,CTTACAAGCAGGAGGCCAAAC,ATTTTCCTCTTCCTGAGCGGG,1,2E9,PGTG_22393,0,1173,1185,1173,98.99,2,E,9
PGTG_22597_v1,B,ATCCCTCAGACAAGGTCTCG,TCAAAGTGGAAGGGACAGCAG,1,2E10,PGTG_22597,0,1899,1899,1899,100.0,2,E,10
PGTG_05305_v2,B,CCGGCGGATCATAACATCAAG,AAGAGGTTAGCTGCTCAGGC,1,2E11,PGTG_05305,3,1811,1811,1808,99.83,2,E,11
PGTG_11160_v2,B,ACGCTCAACTCGAACCACAG,ATATGTGTACGACCTCCTCGC,1,2E12,PGTG_11160,0,1359,1359,1359,100.0,2,E,12
PGTG_11455_v1,B,ACCGTCACTACCAGTGGAAC,CATTCGAGGATGGAAGGAAGC,1,2F1,PGTG_11455,0,1734,1734,1734,100.0,2,F,1
PGTG_13339_v2,B,CAGTGCGCATACAGCCTTTC,TTTTCAATGCCCAGCAGCATC,1,2F2,PGTG_13339,0,1824,1824,1824,100.0,2,F,2
PGTG_14340_v1,B,CTAAACTTGTGCACCCAGCC,ATCAAGTGCTTGGAATGTTGGG,1,2F3,PGTG_14340,0,1617,1617,1617,100.0,2,F,3
PGTG_14503_v2,B,TGCCCATCCTGTCCGAAATC,AACAGTTCTTCCGACCTGCG,1,2F4,PGTG_14503,0,1784,1784,1784,100.0,2,F,4
PGTG_16486_v1,B,TTCCGGAATGGCTTTGGCTC,AACAACATTGCACTCGTCCC,1,2F5,PGTG_16486,0,1794,1794,1794,100.0,2,F,5
PGTG_15494_v2,B,AACCTAGCATGAGCTGAGCG,TGCACATGAAAGCCATGAGTG,1,2F6,PGTG_15494,0,1654,1654,1654,100.0,2,F,6
PGTG_15641_v2,B,GAGATCTGGACTGACCTGAGAC,ATCGTGTCGCAGTATGACGG,1,2F7,PGTG_15641,0,1393,1393,1393,100.0,2,F,7
PGTG_16211_v1,B,ACGACTCACCTCAGACAACTC,CTGCGAAGGTCTTACATGTGC,1,2F8,PGTG_16211,0,1395,1395,1395,100.0,2,F,8
Sr21_1,B,GCGACTGTGGAGCCAAGAC,GGAGCCAAGAGTTTAATCCATCC,1,2UNK,Sr21,0,1027,4875,1027,21.1,2,UNK,UNK
Sr21_2,B,AAACAAAAGATTTCTGCTTGTAATGG,AGACACCAATTCATTCTGATCTCC,1,2UNK,Sr21,972,3028,4875,2056,42.2,2,UNK,UNK
Sr21_4,B,ATGCAATTCATTTGTGCGCC,TCATGTTCTGCAAACCACAATC,1,2UNK,Sr21,4875,4875,4875,0,0.0,2,UNK,UNK
Sr46_1,B,ATGGCTGAGATTGTGCTTCTTC,AGTGCTAGTTCACGTATGATATCG,1,2UNK,Sr46,0,1518,2775,1518,54.7,2,UNK,UNK
Sr50_1,B,CATGGGCAGCCTGATCCC,TGACAAGATACCTACATTAGTTCAGAG,1,2UNK,Sr50,21,815,2876,794,27.6,2,UNK,UNK
PGTG_00440_v1,C,GACAGCCACATCCAGCATTC,GAGCCCATGTTGACTGAAGTG,1,3A1,PGTG_00440,0,1660,1744,1660,95.18,3,A,1
PGTG_00484_v1,C,ATCGGAGCAGGTCAGGAATTG,ATGACCCTGCAGGTTGAGTG,1,3A2,PGTG_00484,0,1760,1760,1760,100.0,3,A,2
PGTG_00110_v1,C,CTGGCCCCTTATTGTTGTTCG,CAACAAGCCAGACATGAACCG,1,3A3,PGTG_00110,0,1359,1359,1359,100.0,3,A,3
PGTG_00397_v1,C,GGTTGGATTTTCCAGCCTGTC,GCACTCTTCCCTCATCCATTG,1,3A4,PGTG_00397,0,1273,1273,1273,100.0,3,A,4
PGTG_00770_v1,C,TTTTAGTTCCGACTTGCGCC,GCCGACCTTTATTAAGCGGTG,1,3A5,PGTG_00770,0,1454,1454,1454,100.0,3,A,5
PGTG_00605_v1,C,CGTCATGGGTGAAGTGAGAC,TCCGCTGAGTGTTCCAAGTG,1,3A6,PGTG_00605,0,1271,1363,1271,93.25,3,A,6
PGTG_00640_v1,C,ACAGCGTCACTCTAGCTCAC,AGCTCAAAGCTGATGGATTGG,1,3A7,PGTG_00640,0,1899,1899,1899,100.0,3,A,7
PGTG_00664_v1,C,CAATTGGGGCTAAGAGCAACTC,TGCGATACCAGGCGATTAGG,1,3A8,PGTG_00664,0,1362,1362,1362,100.0,3,A,8
PGTG_00836_v1,C,TTGAAAGGCTGTCTTGCTTCC,CGTGAGAGTAACTGGGGACTG,1,3A9,PGTG_00836,0,1232,1232,1232,100.0,3,A,9
PGTG_01489_v1,C,GGACAGGGACTCTCGTTAGTG,GCATGGACTAGACATTGGGTG,1,3A10,PGTG_01489,0,1658,1658,1658,100.0,3,A,10
PGTG_01180_v1,C,GTGGTCGTCTGTTGAGTTTGG,GGCGGAAGGTTTTGTAGTACC,1,3A11,PGTG_01180,0,1430,1430,1430,100.0,3,A,11
PGTG_02458_v1,C,GTATAAACGCTTCACCAGCCG,TTTTCTGAATTGGCAGGCGG,1,3A12,PGTG_02458,0,1521,1521,1521,100.0,3,A,12
PGTG_03345_v1,C,AGCACGCCGTAAAGAAAGAAC,AGGTCTAGTGGACCAATTCGC,1,3B1,PGTG_03345,0,1919,1919,1919,100.0,3,B,1
PGTG_05726_v1,C,CCCTCTGTCCTCATTCGTAGC,CATCCGCCGAAATCGCAATC,1,3B2,PGTG_05726,0,933,1666,933,56.0,3,B,2
PGTG_04447_v1,C,CTCAGGAGGCATTTGTTCGAC,GATAGGATCAGGGAGGCAGAC,1,3B3,PGTG_04447,0,1875,1875,1875,100.0,3,B,3
PGTG_05282_v1,C,AAGACTTGGAGGCTCTTGGAG,ATGGACGTTATAGACGGAGCC,1,3B4,PGTG_05282,0,1334,1427,1334,93.48,3,B,4
PGTG_06177_v1,C,CAGATTCTCGCATTAGTCGCC,TAAGCGAGGAGTTCCCAACC,1,3B5,PGTG_06177,0,1222,1222,1222,100.0,3,B,5
PGTG_06457_v1,C,GATTTCGCGATTGACGTTCG,AAAATGGTGACTGGCTTCACTG,1,3B6,PGTG_06457,0,1768,1768,1768,100.0,3,B,6
PGTG_07205_v1,C,CCCAGATTGCCTCATCTTGC,CAGCCGAATTTTGACAAGTGG,1,3B7,PGTG_07205,0,1726,1726,1726,100.0,3,B,7
PGTG_07671_v1,C,GATTGGTGGGGAACCTAAAGC,TAATGGTGTGAGGAGCCTGAG,1,3B8,PGTG_07671,0,1055,1055,1055,100.0,3,B,8
PGTG_08382_v1,C,TGAGTGGCTCTGGAGATTTCG,CAAATGCGGATTGCAGCAAAG,1,3B9,PGTG_08382,0,1695,1695,1695,100.0,3,B,9
PGTG_08391_v1,C,CTCCCAAGATTCATGCGGATTC,TAAGCGGAGAAGTCCGAAGC,1,3B10,PGTG_08391,0,1481,1481,1481,100.0,3,B,10
PGTG_08480_v1,C,TCCGTTCCGACTGATTACCC,CGGAGGCTTGGTGTAAGGAC,1,3B11,PGTG_08480,0,1602,1602,1602,100.0,3,B,11
PGTG_08779_v1,C,TCGGTTAGTCCAGCAGTCATC,ACCAGTGACCTTGGCTTGTTC,1,3B12,PGTG_08779,46,1682,1682,1636,97.27,3,B,12
PGTG_08785_v1,C,ATCAGGAACCGAGTGAGTCC,CTAGTGCTGAGTTGGGGATCTG,1,3C1,PGTG_08785,0,1099,1099,1099,100.0,3,C,1
PGTG_10155_v1,C,ACAATACTGGTTGTTTGCGGG,GAGCTTTCAAAATCCACCGGG,1,3C2,PGTG_10155,0,1425,1425,1425,100.0,3,C,2
PGTG_10889_v1,C,CTCAGACGAACAGGTAACACG,TAATCAGCTCACTCCTGCCTG,1,3C3,PGTG_10889,84,1742,1742,1658,95.18,3,C,3
PGTG_10901_v1,C,TCAAGGACGAACCGGAACAC,ATCAGACAGGGTGGGACTTTG,1,3C4,PGTG_10901,0,1527,1527,1527,100.0,3,C,4
PGTG_11118_v1,C,TTGCTTGGGCTGTCAAACAAG,GACGGCGATAGACAAAACAGC,1,3C5,PGTG_11118,125,1403,1421,1278,89.94,3,C,5
PGTG_11165_v1,C,GCAGCTCATACATTGTCCCC,CAAGTGCACTCAAATGGGACC,1,3C6,PGTG_11165,0,1900,1900,1900,100.0,3,C,6
PGTG_11351_v1,C,AAAGGCAGATTCCGTGAAAGG,TGATAAACGATTCGTGCCAGC,1,3C7,PGTG_11351,0,1510,1558,1510,96.92,3,C,7
PGTG_11375_v1,C,AGGAAATCGTCAGTCGGGTC,AGGAGGATTATTGAGCTCCCG,1,3C8,PGTG_11375,209,1607,1607,1398,86.99,3,C,8
PGTG_11946_v1,C,AACTCGTCATGTCTGTCCTCC,GGTCAAACACCACACACCTAC,1,3C9,PGTG_11946,0,1278,1278,1278,100.0,3,C,9
PGTG_13122_v1,C,GGATGGACAACGATCAAGCAC,GCCTGACTACAGCTCAACAAG,1,3C10,PGTG_13122,0,1790,1790,1790,100.0,3,C,10
PGTG_13798_v1,C,TGGAAGTGCATGCGAAGAAAC,TTTGAAGCGAGAGAAAGTGCG,1,3C11,PGTG_13798,0,1876,1876,1876,100.0,3,C,11
PGTG_13136_v1,C,GACTGGTCGACTGATTAGGGG,CCGGATCTGAGCATTCAACTG,1,3C12,PGTG_13136,0,1341,1341,1341,100.0,3,C,12
PGTG_13706_v1,C,TGCTAGAGCGATTGAAAAGCC,TCTATCAGGTTTCACGCCCC,1,3D1,PGTG_13706,0,1667,1667,1667,100.0,3,D,1
PGTG_14905_v1,C,GCTCGTACTTATCTTGCGCTG,CATCCACAGTTTTGACCGACC,1,3D2,PGTG_14905,0,1943,1943,1943,100.0,3,D,2
PGTG_14215_v1,C,TTTCCCACTAAAGTGCCGGG,GAGATGCGGTTGCTCTGAAAG,1,3D3,PGTG_14215,0,1563,1563,1563,100.0,3,D,3
PGTG_16036_v1,C,TTTAACGTGTGGCTCGAGGG,AGACGTGCATCGAAGAAAGC,1,3D4,PGTG_16036,0,1644,1644,1644,100.0,3,D,4
PGTG_15453_v1,C,TAAGGTCACCACGCCTATCG,GTGGAAGGGTTGAGTCCAGTC,1,3D5,PGTG_15453,0,1601,1601,1601,100.0,3,D,5
PGTG_16216_v1,C,GATCGTCGGTTGTGTGGATTG,GAGTAGAGTGACCACTGACCG,1,3D6,PGTG_16216,0,1755,1755,1755,100.0,3,D,6
PGTG_16660_v1,C,GGTGATGAAACCCCAGCTTTG,GCTTATCGGCTGACTTACGAC,1,3D7,PGTG_16660,0,1997,1997,1997,100.0,3,D,7
PGTG_17077_v1,C,CGCAGTCTGTGAAAGGTGAAG,ACTCTGGTCGGACTCAATGAC,1,3D8,PGTG_17077,0,1728,1728,1728,100.0,3,D,8
PGTG_19043_v1,C,CCGGATCTGGTCAAAGCAATC,TAGCGTATGCGGCTTCTGAG,1,3D9,PGTG_19043,0,1387,1387,1387,100.0,3,D,9
PGTG_18434_v1,C,TTAGGGTCGCAGATTGCCAG,TCCCAGCATTCCAAGCGATG,1,3D10,PGTG_18434,0,1587,1587,1587,100.0,3,D,10
PGTG_18464_v1,C,AACTCCACCGTAGCATGTGG,GACTAGGTATGGCATCTCAGGG,1,3D11,PGTG_18464,0,1386,1386,1386,100.0,3,D,11
PGTG_20641_v1,C,GGATTTCATGAGTCCTGTGCG,TGTCGAAATACCGTGCCAGC,1,3D12,PGTG_20641,0,1254,1254,1254,100.0,3,D,12
PGTG_20583_v1,C,TGGCCCGTAACTCTGTTTCC,AACCATCAGACTAAACAAGCGG,1,3E1,PGTG_20583,0,1588,1588,1588,100.0,3,E,1
PGTG_20597_v1,C,TTCAGCCCACCCTCTAAACG,TGGGTCCTCGAATTGGAACG,1,3E2,PGTG_20597,0,1771,1771,1771,100.0,3,E,2
PGTG_20914_v1,C,CTGTGATGTTTCGCAGTCCG,CACCCTGGGAATGTGTTGAATC,1,3E3,PGTG_20914,0,1402,1402,1402,100.0,3,E,3
PGTG_21724_v1,C,TCATAGCCCTTCCTCTTGACTC,GCCGAGTGAACTGCTTTTCC,1,3E4,PGTG_21724,0,1328,1328,1328,100.0,3,E,4
PGTG_21834_v1,C,TGGGGTGGATAGTTATGTGCC,CTGACGACACCGATCCCATC,1,3E5,PGTG_21834,0,1298,1298,1298,100.0,3,E,5
PGTG_22259_v1,C,GAACTATCTTGCCGCATGTCC,TGAAACAGCCTGCAACAACTG,1,3E6,PGTG_22259,0,1950,1950,1950,100.0,3,E,6
PGTG_00430_v2,C,TAGACGAACGGAGCGATTCC,GCAAAAGAAACACGCCCATAC,1,3E7,PGTG_00430,379,1691,1838,1312,71.38,3,E,7
PGTG_00441_v1,C,CAAAAGATCCAACAGCGAATGC,TTTTGGCTTTCTGGTCAGGTG,1,3E8,PGTG_00441,0,1168,1233,1168,94.73,3,E,8
PGTG_06826_v1,C,CGACTCCCCATCATCTTGAAAC,ACAACAGTTGCGGTACTTGC,1,3E9,PGTG_06826,0,1400,1400,1400,100.0,3,E,9
PGTG_06005_v1,C,TTCATCCTCACCTGGTACTCC,GTAGGCTCGATGATCTGGGG,1,3E10,PGTG_06005,45,1419,1419,1374,96.83,3,E,10
PGTG_07913_v1,C,CTGTCCGCAAGGCCTATTTG,CAAGGTCGTTGTAGGGAGATG,1,3E11,PGTG_07913,7,1087,1236,1080,87.38,3,E,11
PGTG_11987_v1,C,TTGCATGGTCGAGAGTCCTG,GGTGAGTGCCTTGCATTTCTG,1,3E12,PGTG_11987,0,1361,1430,1361,95.17,3,E,12
PGTG_12438_v1,C,CGTCGCAGATTCTGTGGAAAC,GCTTCATGGAGGTTCTTTGGG,1,3F1,PGTG_12438,0,1464,1464,1464,100.0,3,F,1
PGTG_14824_v1,C,ATATCTCGGCATCGGCTCAC,ACCTCGTTTCAGAGGGACAAG,1,3F2,PGTG_14824,0,1894,1894,1894,100.0,3,F,2
PGTG_14032_v1,C,GGGGTTATCATCGGGCTGTC,AGACTCTCAGGCCCCATTCC,1,3F3,PGTG_14032,0,1528,1884,1528,81.1,3,F,3
PGTG_15954_v1,C,AAGTTCCAAAGCGGGATCGG,CACCCTCATTCGTGTTGAAAGG,1,3F4,PGTG_15954,0,1703,1703,1703,100.0,3,F,4
PGTG_20996_v1,C,GCTCGAGTGTAAGTTAGCCATC,ACTTACCCTTTCTCGAGCGG,1,3F5,PGTG_20996,0,1031,1295,1031,79.61,3,F,5
PGTG_22178_v1,C,AGCAACGGAGATTATAGGGGC,GCTTTAAGGAGCACCGCTAC,1,3F6,PGTG_22178,0,1599,1599,1599,100.0,3,F,6
PGTG_17064_v2,C,TGATGTGAGCTTCCTAAGGGC,GCGAGGGGTCTGGGATTATG,1,3F7,PGTG_17064,0,1756,1756,1756,100.0,3,F,7
PGTG_19160_v2,C,GCAGTGATGAGTGACTGTGC,CATCGTGTCAGGTGAGGTTTC,1,3F8,PGTG_19160,0,1563,1563,1563,100.0,3,F,8
PGTG_20570_v1,C,ACTTGTGAACTCGGCCTCTG,ACCAGCAGCACAAATCTTTCTC,1,3F9,PGTG_20570,0,1804,1804,1804,100.0,3,F,9
Cyp51,C,CCCAAGAGTCAACAACACCG,AGTAAGTCGGTTTGCGAGGG,1,3UNK,Cyp51,0,2037,2037,2037,100.0,3,UNK,UNK
SdhA,C,ACTTTTGCGAGCTTCAGACTTAG,CTCACAGCCAATCAGCTTGC,1,3UNK,SdhA,0,3269,3269,3269,100.0,3,UNK,UNK
SdhB,C,GGCACCCTACTAGCAAATGC,CGCACAGCCTTAATCACTCG,1,3UNK,SdhB,0,2398,2398,2398,100.0,3,UNK,UNK
SdhC,C,CACAATGGCCACCACTTGTC,CAACACCGATCTCAAGAAAAGC,1,3UNK,SdhC,0,1722,1722,1722,100.0,3,UNK,UNK
SdhD,C,TGGCTCTGTGACATGTGGAG,ACAGCTTTTCAATGGATGGATGTC,1,3UNK,SdhD,0,1081,1081,1081,100.0,3,UNK,UNK
AvrSr27-1,C,ACTTTGGTGGCTGGAAATTGA,GGAGTCGGTTGACTAAGACCC,1,3UNK,AvrSr27-1,0,435,435,435,100.0,3,UNK,UNK
AvrSr27-2,C,ACTTTGGTGGCTGGAAATTGA,ACGAAATATTGGTGAATTGCAGTC,1,3UNK,AvrSr27-2,0,435,435,435,100.0,3,UNK,UNK
AvrSr27-3,C,ACTTTGGTGGCTGGAAATTGA,ATGGCTTCAATCTGGTGCCTTG,1,3UNK,AvrSr27-3,0,435,435,435,100.0,3,UNK,UNK
AvrSr35,C,TCAATGGTCAATCAAATGTTTCTGG,CCATCCTGCCTGACCAGATTAG,1,3UNK,AvrSr35,0,1737,1737,1737,100.0,3,UNK,UNK
AvrSr50,C,ATGGGGTTTTCTTGAGTTGGAC,TGGTGGTCATTTCTTGGAGGC,1,3UNK,AvrSr50,0,399,399,399,100.0,3,UNK,UNK
PGTG_00111_v1,D,AACACGGCCGATTAAAGATGC,TAGCGTTCAATCAACCAGCC,1,4A1,PGTG_00111,0,1392,1392,1392,100.0,4,A,1
PGTG_00148_v1,D,AATGGAACGGTCCTTGGGAG,GATTCTTCGGCTTCAGTTGTCG,1,4A2,PGTG_00148,0,1946,1946,1946,100.0,4,A,2
PGTG_00325_v1,D,CTCGAAACACATGGTGATGGTG,GACGTGCGTCGGATCATTTC,1,4A3,PGTG_00325,0,1457,1457,1457,100.0,4,A,3
PGTG_00342_v1,D,CGATGGCGAATCCTCTTGATG,TCTCACTTTAGCCGTGGGTC,1,4A4,PGTG_00342,0,1483,1483,1483,100.0,4,A,4
PGTG_00604_v1,D,TGCTATCTGGAAGACGCTCG,TAGTCTCACTTCACCCATGACG,1,4A5,PGTG_00604,0,1345,1345,1345,100.0,4,A,5
PGTG_00716_v1,D,TCGTTGCGAGTCCTTCTACC,ACAAGCAAACACATGTCACTGG,1,4A6,PGTG_00716,0,1999,1999,1999,100.0,4,A,6
PGTG_01318_v1,D,CAGCTGGAATATTCTCCGACC,CATGCGAGTTAAGTGCTGGG,1,4A7,PGTG_01318,0,1927,1927,1927,100.0,4,A,7
PGTG_02166_v1,D,ACAGCTCCCCGACAGTTTAG,TGTTCAAGTGCCAGTTCTTGG,1,4A8,PGTG_02166,0,1468,1468,1468,100.0,4,A,8
PGTG_02778_v1,D,CCCTCATCTGAAACACAGCTTC,TTGCCAAATCGTTCACTCGC,1,4A9,PGTG_02778,0,1593,1593,1593,100.0,4,A,9
PGTG_02923_v1,D,AAGCCCCATTTCAGGACCAC,TATCCCGCTGAGTTCTTGGAC,1,4A10,PGTG_02923,0,1830,1830,1830,100.0,4,A,10
PGTG_03190_v1,D,CTGAGCTCACTCGATCAGTTTC,AGCTTTCATGAGGGCTGAGG,1,4A11,PGTG_03190,133,1592,1801,1459,81.01,4,A,11
PGTG_03545_v1,D,AACCTACGACGGCTCACAAG,AGAGAGGTCCATCCATCAAGC,1,4A12,PGTG_03545,9,1793,1793,1784,99.5,4,A,12
PGTG_06942_v1,D,TCAGACCGCGGAAGATAGTC,AGCTTCAATGGTGGACAAACC,1,4B1,PGTG_06942,0,1685,1685,1685,100.0,4,B,1
PGTG_06750_v1,D,ACCCATATGAACTCAGCTCCG,ACTTGCTTGGACGTCTTGAATG,1,4B2,PGTG_06750,0,1439,1439,1439,100.0,4,B,2
PGTG_07351_v1,D,CGGACTCCACTATCTCTGCTG,CGGTGAAAACCCATTGCAGG,1,4B3,PGTG_07351,0,1312,1356,1312,96.76,4,B,3
PGTG_07544_v1,D,TAACCTCTTCGCCGTCTCAC,AAGAACGAATAATCACACCCGC,1,4B4,PGTG_07544,0,1989,1989,1989,100.0,4,B,4
PGTG_07779_v1,D,CACTTGACGTTGTTCGGCTTG,TCGATTGACGACTGGCTGAC,1,4B5,PGTG_07779,0,1604,1604,1604,100.0,4,B,5
PGTG_08002_v1,D,GGATGTGTGGACTGCGTAAAC,TTTTCTCGGAAAGCGCAGAAC,1,4B6,PGTG_08002,0,1455,1455,1455,100.0,4,B,6
PGTG_08560_v1,D,AAATAATCGACGCGTCCCAG,GTCGCCTTAATGTGCTGTCTG,1,4B7,PGTG_08560,0,1691,1691,1691,100.0,4,B,7
PGTG_08337_v1,D,CTGTTCTTGTTCCCTAGTGCG,CTTGATGAGTGGTGTGGTTGC,1,4B8,PGTG_08337,0,1121,1607,1121,69.76,4,B,8
PGTG_08455_v1,D,AACCGATTTCTGGGAAACGC,AGTGAAATGACGGAGGACTGG,1,4B9,PGTG_08455,0,1834,1834,1834,100.0,4,B,9
PGTG_08867_v1,D,GGGAAGCGAATCCAATGTCTG,CAGATCACCATGCATTCTCGC,1,4B10,PGTG_08867,0,1719,1719,1719,100.0,4,B,10
PGTG_08873_v1,D,CACAGTGTAGGAACGCAATCG,AATGATGGTTGGGGTCAGTGG,1,4B11,PGTG_08873,0,1902,1902,1902,100.0,4,B,11
PGTG_09061_v1,D,CCTGATATGTATGCGCCTTCG,CCGGTGGTAATTGGGTCGTC,1,4B12,PGTG_09061,0,1343,1343,1343,100.0,4,B,12
PGTG_09091_v1,D,AGCACGCTGCATCAATGTTAG,ACCGAGTCCCAGAACGTATTC,1,4C1,PGTG_09091,0,1583,1583,1583,100.0,4,C,1
PGTG_11064_v1,D,TCCATCCCAACTGTGAGAGTG,GGCTTGAAATCGGTCGATCAG,1,4C2,PGTG_11064,0,1795,1795,1795,100.0,4,C,2
PGTG_10247_v1,D,TGGTCATATCCGCCAGCTTC,ACCAACGCGATCTCACAAAAC,1,4C3,PGTG_10247,0,1880,1880,1880,100.0,4,C,3
PGTG_10412_v1,D,TATCCTACAGCCCAACCCAAC,GCCTACTTGCGATGAGGAAAG,1,4C4,PGTG_10412,0,1763,1763,1763,100.0,4,C,4
PGTG_10436_v1,D,CCAAGAGCCTAACAGTTGCC,CCTTCTTAGCCCCAAACAACG,1,4C5,PGTG_10436,0,1032,1032,1032,100.0,4,C,5
PGTG_10616_v1,D,ACAGATTAAGCCAAGGTGCCC,AGGTTTTCCTCATGGCTTTGC,1,4C6,PGTG_10616,0,1133,1133,1133,100.0,4,C,6
PGTG_12691_v1,D,GGGGTGTTGAGTCGAGTACC,GCAGAGCCCTAGATTACAACC,1,4C7,PGTG_12691,0,1841,1841,1841,100.0,4,C,7
PGTG_13206_v1,D,TGGGTTCTGAAGCTCCTTCC,ACAAGATGTGGCAAATGGCTATC,1,4C8,PGTG_13206,0,1540,1769,1540,87.05,4,C,8
PGTG_13790_v1,D,AGAACACCGGGAAACATCAAC,TTTGTGCGACTGCACTCATC,1,4C9,PGTG_13790,0,1440,1440,1440,100.0,4,C,9
PGTG_14239_v1,D,TGTCATCAGCTTCGGAGTACC,TTCTAGGCTCACCCAAGACAC,1,4C10,PGTG_14239,0,1748,1748,1748,100.0,4,C,10
PGTG_16157_v2,D,GCCGAAAATTGCGTTTGACTC,TCCCAGTCCTTAACCTGTCC,1,4C11,PGTG_16157,0,1952,1952,1952,100.0,4,C,11
PGTG_15122_v1,D,CTCAATTCTACGACGTGCCC,GAAAGGAAGACCTGTCTGACG,1,4C12,PGTG_15122,0,1575,1618,1575,97.34,4,C,12
PGTG_16825_v1,D,ACACAGATTTCAGATCAGCAGG,GCACAGGTTTAATCCCGCAG,1,4D1,PGTG_16825,0,1747,1747,1747,100.0,4,D,1
PGTG_16851_v2,D,CAGGCACTATGCCTCCAAATG,GGGTTGCTCTCATCAACTTCG,1,4D2,PGTG_16851,0,1151,1151,1151,100.0,4,D,2
PGTG_16232_v1,D,TTGATTACGCTCTTGCGACG,TCCGGTCAGAAGTAGAGCAAC,1,4D3,PGTG_16232,0,1702,1702,1702,100.0,4,D,3
PGTG_17020_v1,D,ACTTGCGATTCCAGTTTCCAC,TTGCAGGAGTAGTCAAGAGGC,1,4D4,PGTG_17020,0,1784,1784,1784,100.0,4,D,4
PGTG_17781_v1,D,GATAAGCGCAGACCCAGTTC,CTTACGGCTACAATCGCGTG,1,4D5,PGTG_17781,0,1443,1443,1443,100.0,4,D,5
PGTG_17070_v1,D,GAGCAAGTCTTCACGGAGTG,AACGCAAAGCTCTGGAAATGC,1,4D6,PGTG_17070,0,1804,1804,1804,100.0,4,D,6
PGTG_17175_v2,D,AGGAAAGAAGTTGAGCTGGGG,TTCGATGTGCAAGCGTGAAG,1,4D7,PGTG_17175,0,1775,1775,1775,100.0,4,D,7
PGTG_19012_v1,D,GCGAATGTCGGATACAGACTC,CCTGCTTGTGAGGGTCAATG,1,4D8,PGTG_19012,0,1686,1686,1686,100.0,4,D,8
PGTG_18413_v1,D,ATCACCCTCCAGCATTACACG,GTTCCCAATCCTGCCGAAAC,1,4D9,PGTG_18413,0,1107,1107,1107,100.0,4,D,9
PGTG_18583_v1,D,AACATGGCCTCTCTTGCTCAG,AGGGGCGACTTAAAACAGGG,1,4D10,PGTG_18583,0,1986,1986,1986,100.0,4,D,10
PGTG_18858_v1,D,ACCTGACTCCAGAAAGGGTC,GCGAATGATGGGGAGAGAAAC,1,4D11,PGTG_18858,0,1418,1418,1418,100.0,4,D,11
PGTG_19587_v1,D,CAAGTCAGCTAAAACCCAGGC,TGGAGTACCAACCAGTGGAAG,1,4D12,PGTG_19587,0,1355,1355,1355,100.0,4,D,12
PGTG_19919_v1,D,GGCCCAGGTATGATTTCAAGC,GACATCCATTTGTCCTCACTGC,1,4E1,PGTG_19919,0,1019,1158,1019,88.0,4,E,1
PGTG_20345_v1,D,AGCATCGATTAAGCCAAAGCC,TTGACGACGATTCCCGTATCC,1,4E2,PGTG_20345,0,1682,1715,1682,98.08,4,E,2
PGTG_20547_v1,D,AAAGAATCGACCCTTTGCTTCG,TGAGTGGAGGGAGAAAGGTTG,1,4E3,PGTG_20547,62,1968,1968,1906,96.85,4,E,3
PGTG_20732_v1,D,CGAGGAGAGTTGATTCATGCC,CGGTTTCGGTTTCTCCTAGC,1,4E4,PGTG_20732,0,1232,1232,1232,100.0,4,E,4
PGTG_21431_v1,D,ATGTAAGTGAGTCCGTGGCG,GCACACTTCCTATCCAGCTCC,1,4E5,PGTG_21431,0,1710,1710,1710,100.0,4,E,5
PGTG_21298_v1,D,CGGATAGCGGATCGGGTTAC,TGATAGTTTGAATGTCACGGGC,1,4E6,PGTG_21298,0,1556,1621,1556,95.99,4,E,6
PGTG_21336_v1,D,TAATACCATTCCCAGCCCCTG,ATCCAATCCGGAAAGGCAGC,1,4E7,PGTG_21336,0,1514,1514,1514,100.0,4,E,7
PGTG_22615_v1,D,ACGCAACATGACCGAGTAGG,GTGCCATGAGCATACTGTTGAG,1,4E8,PGTG_22615,0,1137,1137,1137,100.0,4,E,8
PGTG_22627_v1,D,TGATCACTCAGACAACGGTGG,ACCGATCATAAGAAGGCTGGG,1,4E9,PGTG_22627,0,1101,1101,1101,100.0,4,E,9
PGTG_00341_v2,D,CTCTTAGCGTGCCTAACAGC,AAGGGGAGAGTCTCAATCTGG,1,4E10,PGTG_00341,0,1310,1632,1310,80.27,4,E,10
PGTG_01003_v2,D,GCCTACCGGACACAATTTGG,CATGACCCCAGTGGCTACATC,1,4E11,PGTG_01003,0,1511,1715,1511,88.1,4,E,11
PGTG_05191_v1,D,TGTCAGCCTAAGCCCATACAC,TCTTTTGTGATTTCAGCCGGG,1,4E12,PGTG_05191,0,877,1116,877,78.58,4,E,12
PGTG_08544_v1,D,TCACGATAGCCTCGCAATCC,GTGCGCTCTCAAATGAACAGG,1,4F1,PGTG_08544,0,1387,1387,1387,100.0,4,F,1
PGTG_08106_v2,D,GGACAAGTATAAGAGCATCCGC,GTCCCGTCGTCTTGACTCTC,1,4F2,PGTG_08106,0,1098,1252,1098,87.7,4,F,2
PGTG_14786_v1,D,TTGACGTACGTGTGTTTCCTG,CAGCCAAAGCCTCGTATTGG,1,4F3,PGTG_14786,0,1306,1338,1306,97.61,4,F,3
PGTG_14849_v2,D,CGCTGTGACTGATTGGTGATG,AGGGGCATTTGTTCTATTGCG,1,4F4,PGTG_14849,0,1947,1947,1947,100.0,4,F,4
PGTG_14715_v1,D,CACCAACCTACGGAACAATGC,GAGCCACACAGTTTTCACGAC,1,4F5,PGTG_14715,0,1102,1102,1102,100.0,4,F,5
PGTG_14938_v2,D,ATTGAATCCCATGGTACCGGC,ACGAAATCCCGGTGATAGGG,1,4F6,PGTG_14938,0,1591,1591,1591,100.0,4,F,6
PGTG_16374_v2,D,AGCATGACCATACCTGTCCC,ATCACTGAGTGGAGGATAGGC,1,4F7,PGTG_16374,0,1803,1994,1803,90.42,4,F,7
PGTG_15800_v1,D,ATCGGTGGGATGGGTCTTTG,TATGTGCCCGTCTGGGAAATC,1,4F8,PGTG_15800,0,1798,1798,1798,100.0,4,F,8
PGTG_17351_v1,D,ACTTGCAAGGGCTTTCATCTG,AGGTCTGAGCACCAGAAAGG,1,4F9,PGTG_17351,0,1580,1580,1580,100.0,4,F,9
PGTG_18631_v1,D,TTGCCACGGATGTGTGTGAC,AACTGGCCATCTGTCAAGGG,1,4F10,PGTG_18631,81,1210,1427,1129,79.12,4,F,10
Sr26_1,D,CAACCATGGAGGCGGCTC,CTGTACCTTTTGTCTACTAGGAAATC,1,4UNK,Sr26,0,793,2850,793,27.8,4,UNK,UNK
Sr26_2,D,TGATGTTGCTGAATCATGCCG,GATGTGCGTTGGCTGCTTC,1,4UNK,Sr26,924,2752,2850,1828,64.1,4,UNK,UNK
Sr27_1,D,TGCATTCGAGCTTTTAGGCC,AGTTGTTGTATGCTCCCTGC,1,4UNK,Sr27,0,778,2874,778,27.1,4,UNK,UNK
Sr27_2,D,CCATGACCAGATGCGGTGG,CTGTCCAGAGAAGCCTTTACAG,1,4UNK,Sr27,899,2723,2874,1824,63.5,4,UNK,UNK
Sr33_2,D,TCGGCTAATCACCACAACCC,CCTCCCCAACCCTCGCTC,1,1UNK,Sr33,924,2732,2888,1808,62.6,4,UNK,UNK
Sr45_1,D,GCTACCTGCTGGACCAGTAC,AGAGAAGTGAGTTGCCCGAG,1,1UNK,Sr45,56,1999,3705,1943,52.4,4,UNK,UNK
